"year,","code,","destination,","net_mass,","fob_etb,",fob_usd
2016,9011100,United Kingdom,813337517.58,37442858.54
2016,7133300,Kenya,239511240.72,11026154.96
2016,12074090,Yemen,235394813.42,10836650.86
2016,9041100,Sudan,281109477.02,12941174.04
2016,2045000,United Arab Emirates,1693340182.24,77954718.09
2016,7139000,Indonesia,569037272.34,26196236.66
2016,12074090,Israel,1814607627.56,83537394.07
2016,7133900,Indonesia,74016844.02,3407444.24
2016,64059000,United States,511344773.1,23540301.06
2016,49019900,Israel,109216.58,5027.9
2016,9011100,Italy,1275862881.06,58735706.08
2016,7139000,India,59602802.62,2743878.46
2016,12074090,United States,90491613.74,4165877.78
2016,6031900,Netherlands,528259502.36,24318988.58
2016,12074090,Greece,101603724.36,4677435.64
2016,12074090,Singapore,181507780.34,8355903.92
2016,7133300,India,447302919.26,20592066.08
2016,1022910,Somalia,1334588781.84,61439215.46
2016,62063000,Germany,59923145.28,2758625.78
2016,7099900,Somalia,5881757405.66,270772964.17
2016,9011100,Australia,585969132.38,26975712.86
2016,7132000,Pakistan,1058830427.52,48744386.0
2016,7133300,Pakistan,634292531.74,29200331.98
2016,6021000,Germany,145583620.58,6702097.0
2016,9011100,Belgium,1945590837.98,89567345.6
2016,6031100,Netherlands,4475640942.79,206040895.82
2016,52052200,Turkey,173577981.5,7990847.18
2016,9011100,Saudi Arabia,3310756556.67,152414202.88
2016,6031100,Saudi Arabia,248229674.84,11427517.36
2016,9011100,Germany,4262512873.38,196229318.18
2016,6021000,United States,116208111.92,5349764.16
2016,61152900,Germany,193664326.16,8915543.42
2016,12019000,India,742590375.46,34185938.54
2016,12074090,Turkey,293819071.7,13526273.78
2016,9011100,South Korea,1504066227.08,69241290.06
2016,64051000,China,205048498.22,9439625.94
2016,6021000,Belgium,111004178.56,5110195.56
2016,2045000,Saudi Arabia,920484253.0,42375472.58
2016,9011100,Sudan,444970709.54,20484700.36
2016,12074090,Saudi Arabia,231493031.7,10657028.16
2016,9101200,Germany,41732.64,1921.2
2016,1041000,Saudi Arabia,224103436.02,10316840.26
2016,6021000,Netherlands,337898689.0,15555525.9
2016,12074090,China,12003922091.65,552613333.49
2016,9011100,Sweden,278153495.44,12805092.3
2016,12079990,United States,895805331.72,41239352.16
2016,7099900,Djibouti,1796254112.22,82692470.45
2016,7133900,India,54125473.26,2491723.78
2016,12074090,Canada,46276081.72,2130368.7
2016,9011100,France,1147965494.36,52847813.7
2016,9011100,Japan,1667518169.5,76765974.26
2016,1061300,Egypt,334804490.22,15413081.14
2016,12074090,Jordan,330655987.38,15222100.42
2016,19059020,United Arab Emirates,87401350.34,4023614.2
2016,9011100,Canada,235193624.66,10827388.94
2016,7133300,Germany,41292770.12,1900956.64
2016,12074090,Japan,201958708.62,9297384.18
2016,41139000,China,107665194.92,4956481.88
2016,6021000,France,26069022.5,1200115.2
2016,13019000,Iraq,28579752.86,1315699.34
2016,63041900,Italy,80842665.08,3721678.14
2016,12079990,India,239204054.42,11012013.32
2016,9011100,Jordan,281934413.76,12979150.9
2016,7132000,Jordan,40175299.54,1849512.68
2016,9011100,United States,3486451280.04,160502496.5
2016,7133300,Portugal,116593432.28,5367502.78
2016,74082900,Turkey,17389928.64,800563.88
2016,85171200,Nigeria,101006039.24,4649920.56
2016,1022910,Djibouti,778355070.22,35832404.32
2016,71031000,United States,25608366.6,1178908.42
2016,7133300,Russia,157418871.56,7246945.36
2016,7133900,Pakistan,30463795.74,1402433.26
2016,7133100,Indonesia,100401926.76,4622109.6
2016,6031100,United Kingdom,205698185.98,9469535.0
2016,19059020,United States,145935621.98,6718301.72
2016,2042100,Saudi Arabia,70392466.36,3240592.12
2016,6031100,Norway,164663084.48,7580440.38
2016,7133300,United Kingdom,39739200.32,1829436.4
2016,7020000,Somalia,197000782.24,9069140.76
2016,64051000,South Africa,177599.94,8176.0
2016,4090000,Norway,20110088.18,925789.32
2016,7132000,United Arab Emirates,337552365.14,15539582.52
2016,49019900,United States,107774.32,4961.5
2016,12079990,United Kingdom,80232120.56,3693571.08
2016,85171200,Rwanda,80757847.9,3717773.52
2016,12079910,United States,69913269.56,3218531.8
2016,62034200,United States,62092410.66,2858490.26
2016,64051000,Kenya,107828827.2,4964014.86
2016,54071000,Kenya,10953892.54,504274.1
2016,12019000,South Africa,44930114.26,2068405.64
2016,71031000,India,149090858.38,6863556.4
2016,9011100,New Zealand,137276119.68,6319652.3
2016,9011100,Israel,74906573.86,3448403.88
2016,30023000,Niger,20284563.78,933821.5
2016,9011100,Greece,172211949.72,7927960.46
2016,9011100,Viet Nam,30555770.38,1406667.42
2016,7129010,Viet Nam,17858686.98,822143.66
2016,25232900,Djibouti,139213992.3,6408864.34
2016,13019000,China,37721693.68,1736558.32
2016,61091000,Italy,10026448.8,461578.26
2016,12074010,China,23453965.94,1079728.28
2016,41120000,Philippines,22476255.28,1034718.36
2016,64059000,Kenya,51735412.46,2381694.8
2016,5100090,South Korea,10034155.46,461933.02
2016,12079990,Italy,33278333.12,1532003.5
2016,61112000,United States,36281576.8,1670261.02
2016,9012100,Japan,270996.08,12475.6
2016,61059000,Germany,15133196.68,696672.82
2016,12019000,Turkey,35074865.64,1614708.8
2016,61051000,Germany,68730748.76,3164093.2
2016,10089090,Turkey,30189206.08,1389792.24
2016,22087000,South Sudan,41907382.48,1929250.98
2016,9011100,United Arab Emirates,55588910.38,2559094.66
2016,9011100,Finland,177641092.92,8177896.82
2016,7133300,South Africa,176146329.32,8109083.78
2016,12011000,Kenya,57828625.7,2662202.38
2016,41131000,Italy,52162878.04,2401373.6
2016,12079990,Israel,10486010.8,482734.66
2016,25232100,Kenya,94379686.5,4344869.3
2016,9041200,South Africa,12716842.32,585433.38
2016,41131000,Hong Kong,156419008.36,7200915.62
2016,12019000,China,7615754.04,350599.34
2016,7133300,Italy,25235795.82,1161756.72
2016,6021000,Spain,17846886.38,821600.42
2016,9011100,Russia,173903621.04,8005838.32
2016,10089090,China,7529010.3,346606.0
2016,62063000,Japan,20508493.06,944130.32
2016,12011000,Viet Nam,24693029.36,1136769.9
2016,7020000,Djibouti,66250930.92,3049932.16
2016,7133300,Yemen,120748934.38,5558805.76
2016,25231000,Djibouti,77749303.86,3579271.94
2016,12074090,Australia,8151252.02,375251.56
2016,7011000,Djibouti,60831371.22,2800436.92
2016,7133300,Hungary,8821149.2,406091.0
2016,62046300,Germany,5699790.8,262395.94
2016,62029300,Germany,14190186.6,653260.34
2016,41120000,Italy,96278931.54,4432303.1
2016,12074090,Mexico,11267029.86,518689.7
2016,7133300,United Arab Emirates,32164950.88,1480747.74
2016,61083200,Germany,43857288.24,2019016.96
2016,62042900,United States,31921460.96,1469538.42
2016,52051200,China,62209732.38,2863891.24
2016,7133300,Saudi Arabia,29691948.12,1366900.46
2016,9041200,Saudi Arabia,22925244.74,1055388.04
2016,7031000,Djibouti,63132082.22,2906352.64
2016,7129090,Djibouti,12290732.54,565816.96
2016,7135000,Djibouti,20490630.18,943307.98
2016,52093900,Turkey,20460960.32,941942.08
2016,7082000,Netherlands,24212826.02,1114663.22
2016,12101000,Sudan,30971294.22,1425796.5
2016,6031900,Japan,69108045.42,3181462.46
2016,9024000,Pakistan,67474524.64,3106261.56
2016,44072900,Sudan,31347036.9,1443094.24
2016,61059000,United States,11667404.78,537121.4
2016,7061000,Somalia,26883705.82,1237620.04
2016,12092900,Egypt,15224050.02,700855.36
2016,30023000,Senegal,13215728.44,608400.12
2016,7129090,United States,15116964.84,695925.56
2016,62104000,Italy,13323431.34,613358.34
2016,64059000,China,8690317.84,400068.02
2016,9011100,Singapore,22376842.76,1030141.78
2016,62019900,Germany,4763416.7,219288.96
2016,33059000,Sudan,10538987.02,485173.48
2016,41120000,Viet Nam,56980434.2,2623154.96
2016,41120000,Indonesia,52256493.44,2405683.34
2016,64032000,United States,6578707.54,302857.8
2016,12011000,India,70601259.12,3250204.16
2016,39159000,China,24043689.64,1106876.84
2016,73072900,Singapore,13428359.6,618188.82
2016,12119000,Netherlands,20527953.54,945026.18
2016,9011100,Spain,392528533.44,18070468.92
2016,9011100,Kuwait,14665556.32,675144.48
2016,9011100,Taiwan,255289719.18,11752534.0
2016,26159000,China,194317152.84,8945597.04
2016,12074090,Viet Nam,161197563.24,7420901.46
2016,62046200,Australia,102543.72,4720.7
2016,63041900,Norway,29445382.92,1355549.58
2016,12074090,United Arab Emirates,135876397.92,6255214.64
2016,52053200,Turkey,6753547.98,310906.76
2016,9101100,Kenya,3825669.52,176118.76
2016,25232900,Somalia,42611758.4,1961677.68
2016,8039000,Somalia,48854760.16,2249080.86
2016,9041200,Djibouti,12949403.32,596139.58
2016,12079990,Germany,66623078.96,3067064.42
2016,13019000,United Arab Emirates,13468473.12,620035.48
2016,1041000,Djibouti,26449056.86,1217610.5
2016,9103000,United Arab Emirates,7365628.72,339084.56
2016,2042100,United Arab Emirates,40576253.68,1867971.02
2016,6021000,Italy,25470829.24,1172576.74
2016,20089900,United Arab Emirates,38313308.56,1763793.96
2016,12079990,Netherlands,35480128.24,1633365.48
2016,7133100,Belgium,2942341.62,135453.82
2016,15219020,Italy,6676702.72,307369.12
2016,12074090,Netherlands,56778776.06,2613871.4
2016,58021100,Turkey,4356308.32,200547.3
2016,7133300,France,17566701.14,808701.78
2016,9011100,Ireland,10620813.26,488940.44
2016,7051100,Somalia,40845944.18,1880386.54
2016,12074090,Palestine,10430610.12,480184.24
2016,9041200,Sudan,97936243.7,4508599.28
2016,33049900,United States,100867.87,4643.56
2016,7129090,Russia,19260794.96,886691.2
2016,19059020,Sweden,26586516.92,1223938.6
2016,61071900,United States,25953702.36,1194806.3
2016,54076900,Iran,43569672.06,2005776.26
2016,7019000,Djibouti,19829926.44,912891.78
2016,7133300,Puerto Rico,9828215.92,452452.4
2016,64051000,Canada,13231222.28,609113.42
2016,61119000,United States,19560157.8,900472.7
2016,5069000,United States,6537498.18,300960.7
2016,13012000,Germany,7040142.0,324100.44
2016,85444200,Somalia,2146095.96,98797.82
2016,9011100,Albania,2111778.66,97217.98
2016,9041200,Sweden,10652084.24,490380.04
2016,13019000,Germany,32585774.1,1500120.8
2016,39269090,Italy,16571889.58,762904.58
2016,61109000,United States,32198651.62,1482299.18
2016,71179010,United States,11740799.54,540500.2
2016,13019000,Algeria,5475890.24,252088.44
2016,7133300,Bulgaria,46318130.7,2132304.46
2016,6031100,Italy,12209938.54,562097.52
2016,9011100,South Africa,112523489.92,5180138.66
2016,61091000,Germany,51782627.0,2383868.4
2016,7129090,China,12022145.12,553452.28
2016,19041000,United States,14585956.6,671480.04
2016,7133300,Romania,2863324.78,131816.2
2016,26179000,China,1960225.12,90241.06
2016,61034900,United States,15129050.24,696481.92
2016,12119000,Germany,7284736.96,335360.62
2016,13019000,Greece,13475751.5,620370.58
2016,6031100,United States,27735233.26,1276820.98
2016,7129090,United Kingdom,14009825.7,644957.24
2016,40170000,Sudan,13825700.42,636480.84
2016,85171200,Togo,106919651.52,4922159.98
2016,2061000,Viet Nam,17470333.54,804265.42
2016,5040000,Viet Nam,17354189.12,798918.58
2016,58021100,United States,4799828.72,220965.22
2016,68041000,Denmark,20589255.98,947848.32
2016,9093100,Indonesia,51552062.66,2373254.08
2016,61082100,Germany,14002536.62,644621.68
2016,40040000,China,7628279.4,351175.98
2016,55093100,Kenya,2228891.88,102609.42
2016,9011100,Lebanon,4949361.68,227849.14
2016,62149000,Germany,93336.8,4296.86
2016,7133300,Sri Lanka,4144877.04,190813.82
2016,41071900,India,7022109.64,323270.3
2016,12119000,Belgium,6820481.22,313988.14
2016,9041200,United States,24881426.46,1145442.94
2016,41120000,Hungary,14361263.02,661136.02
2016,12092900,Jordan,1157686.52,53295.34
2016,6031900,Germany,14714329.12,677389.78
2016,2042100,Bahrain,13604703.54,626307.02
2016,12074090,Lebanon,9277158.38,427083.86
2016,1022910,Oman,7334430.36,337648.32
2016,52051100,China,10671355.06,491267.18
2016,9083100,Israel,1395555.26,64245.86
2016,6031900,United Arab Emirates,7829961.02,360460.58
2016,22011000,United States,2139464.78,98492.54
2016,41071900,Hong Kong,1495191.6,68832.74
2016,7129090,Hong Kong,15241392.8,701653.74
2016,6031100,France,13293704.04,611989.82
2016,7051100,Djibouti,8871979.94,408431.04
2016,7129090,India,39512368.36,1818993.94
2016,25151100,China,1377144.18,63398.3
2016,61099000,Germany,10884360.68,501073.14
2016,7082000,Sudan,1252704.6,57669.58
2016,61152900,United Kingdom,4998351.38,230104.44
2016,12079990,Belgium,28632755.84,1318139.42
2016,63051000,United States,3024790.74,139249.46
2016,41120000,Russia,89113.26,4102.42
2016,2045000,Bahrain,15374663.54,707789.02
2016,96020090,Congo,4525633.48,208342.36
2016,7129090,Germany,9215033.26,424223.86
2016,12019000,Sri Lanka,9007072.54,414650.18
2016,20089900,Qatar,11210455.24,516085.22
2016,9109900,Sudan,38945950.86,1792918.3
2016,9011100,Ukraine,18208401.22,838243.12
2016,7133300,Greece,5473689.58,251987.12
2016,19059020,Bahrain,12631773.96,581517.16
2016,9109900,India,5457122.88,251224.48
2016,6031100,Oman,8898412.2,409647.88
2016,11043090,United States,102949.89,4739.4
2016,8039000,Djibouti,9336700.98,429824.96
2016,13019000,United States,2044235.14,94108.54
2016,19059020,Norway,17171345.14,790501.16
2016,19059020,United Kingdom,9183295.22,422762.76
2016,22030000,South Sudan,12194954.2,561407.7
2016,8101000,Netherlands,3704952.52,170561.44
2016,8051000,Djibouti,24342029.24,1120611.22
2016,7102900,United Kingdom,4133801.18,190303.94
2016,1042000,Saudi Arabia,6409826.32,295083.16
2016,61152100,France,1707332.66,78598.88
2016,6021000,United Kingdom,5523937.84,254300.38
2016,19059020,Canada,13317906.32,613104.02
2016,7129090,Netherlands,11765313.88,541628.76
2016,7049000,Djibouti,9359089.6,430855.64
2016,85481000,Somalia,14629209.36,673471.22
2016,6031100,Japan,11407465.18,525154.82
2016,7129090,Ghana,1254589.24,57756.34
2016,2062900,Viet Nam,12972134.08,597186.0
2016,10082100,Canada,2302238.02,105985.98
2016,7129090,Congo,1296785.22,59698.9
2016,49019900,Kenya,963161.96,44340.18
2016,6021000,Japan,10631956.9,489453.46
2016,9041200,Canada,5128975.18,236117.84
2016,22030000,Israel,8173499.78,376275.74
2016,7129090,Zambia,11884155.36,547099.74
2016,41079900,Zimbabwe,1837777.58,84604.06
2016,64039900,Canada,3546566.98,163269.98
2016,6021000,Switzerland,1433943.0,66013.08
2016,41139000,Hong Kong,41739267.59,1921511.6
2016,9041200,Norway,3991307.2,183744.08
2016,6021000,Norway,2569137.44,118272.94
2016,61044200,Sudan,19792437.64,911165.96
2016,7069010,Somalia,5764258.1,265363.78
2016,7129090,Rwanda,2430513.88,111891.32
2016,1041000,Somalia,8501089.74,391356.74
2016,85045000,Canada,791878.54,36454.98
2016,64059000,Italy,2217610.52,102090.06
2016,7129090,Cameroon,1177045.92,54186.56
2016,7032000,Sudan,2749295.8,126566.76
2016,25232100,Somalia,6666523.16,306900.5
2016,71031000,Thailand,7851147.5,361435.92
2016,62069000,United Kingdom,3393717.98,156233.42
2016,7129090,Viet Nam,6020634.0,277166.28
2016,12024200,Djibouti,2722159.26,125317.54
2016,7129090,Namibia,921599.52,42426.82
2016,6031100,Jordan,5430296.08,249989.48
2016,7081000,Netherlands,4584321.97,211044.16
2016,9101100,Somalia,3683438.16,169571.0
2016,7133300,Spain,3106542.4,143012.98
2016,9041200,Germany,9275370.78,427001.58
2016,12079990,Spain,892049.62,41066.46
2016,7051900,Saudi Arabia,651252.44,29981.1
2016,62034900,Germany,1709417.18,78694.84
2016,41132000,India,822891.18,37882.68
2016,11029000,Sudan,2476522.24,114009.34
2016,64059000,Canada,21611467.84,994906.94
2016,64062000,Italy,606550.1,27923.18
2016,7069010,Djibouti,7611956.08,350424.48
2016,62063000,United States,3806184.66,175221.76
2016,19059020,Kuwait,6551643.98,301611.9
2016,42022900,United States,5207808.96,239747.04
2016,9103000,Yemen,5219121.14,240267.8
2016,6031900,Australia,6722665.1,309485.06
2016,8055000,Djibouti,5057285.58,232817.54
2016,11061000,Djibouti,2882319.06,132690.6
2016,5100090,Hong Kong,1366355.48,62901.64
2016,19059020,Netherlands,1077642.14,49610.42
2016,8072000,Djibouti,5812775.88,267597.34
2016,61082100,United States,850255.6,39142.42
2016,22043000,Saudi Arabia,2580390.94,118791.06
2016,9103000,Iraq,8325682.92,383281.68
2016,41071100,India,622131.1,28640.48
2016,7139000,Sudan,10979247.12,505441.32
2016,96020090,Malawi,6442709.38,296597.0
2016,8101000,Nigeria,6497925.9,299138.96
2016,5069000,South Africa,435684.84,20057.22
2016,22021000,South Sudan,1440877.28,66332.32
2016,71031000,Israel,517740.64,23834.74
2016,6031900,Belgium,3594491.5,165476.24
2016,9041100,Djibouti,1936673.5,89156.82
2016,9092100,Somalia,4734259.06,217946.66
2016,9061900,United States,688261.22,31684.84
2016,69120010,United States,1405354.16,64697.0
2016,75089000,United States,1982338.52,91259.08
2016,8101000,Ireland,1263261.8,58155.6
2016,38089990,Djibouti,597663.14,27514.06
2016,6031100,Lebanon,4663870.42,214706.24
2016,6031100,Germany,5942020.44,273547.24
2016,4029100,Somalia,5280999.36,243116.44
2016,62034300,Germany,6079242.08,279864.4
2016,62149000,Australia,2442555.0,112445.64
2016,11062000,United States,2780555.18,128005.82
2016,7129090,Ireland,1540212.46,70905.32
2016,9041200,United Kingdom,8018204.08,369126.56
2016,6021000,China,4405507.12,202812.2
2016,12091000,United Kingdom,420021.3,19336.12
2016,41131000,Turkey,553469.6,25479.56
2016,62089900,United States,572616.2,26361.0
2016,20089900,Egypt,5574420.88,256624.38
2016,9103000,India,105514067.62,4857452.44
2016,5100090,France,5597797.04,257700.56
2016,3056900,Sudan,5138652.36,236563.36
2016,7133300,Djibouti,11539830.04,531248.38
2016,7039000,Djibouti,4887678.28,225009.48
2016,7139000,Czech Republic,651391.54,29987.5
2016,25151100,United Arab Emirates,862511.98,39706.64
2016,6031900,Saudi Arabia,6222430.44,286456.22
2016,6021000,Kenya,1403184.86,64597.12
2016,33059000,Canada,477787.54,21995.46
2016,7061000,Djibouti,4704342.54,216569.4
2016,42022110,Japan,3184210.14,146588.5
2016,7129090,Madagascar,2219363.97,102170.77
2016,96020090,Zimbabwe,2655799.72,122262.58
2016,8101000,Saudi Arabia,27739235.54,1277005.26
2016,11061000,United States,5686864.12,261800.86
2016,62032900,United States,214997.0,9897.6
2016,39233010,Somalia,8991734.16,413944.04
2016,9102000,Jordan,566699.7,26088.62
2016,4090000,Somalia,2775301.14,127763.92
2016,22085000,Somalia,2029901.3,93448.68
2016,6031900,Kuwait,2903613.96,133670.96
2016,71031000,Canada,1079120.92,49678.5
2016,6031900,United Kingdom,4109146.18,189168.94
2016,61102000,United States,5544770.34,255259.42
2016,6031900,Zimbabwe,140569.0,6471.26
2016,52079000,Sudan,788054.82,36278.94
2016,34012090,Somalia,1803732.7,83036.74
2016,39249000,United States,223181.68,10274.4
2016,61044900,United Kingdom,227616.36,10478.56
2016,13019000,Somalia,297980.2,13717.84
2016,6021000,South Africa,625761.43,28807.61
2016,9109900,Djibouti,876501.24,40350.67
2016,19059090,United States,3145069.04,144786.6
2016,7129090,Bangladesh,7816028.7,359819.22
2016,30023000,South Sudan,736257.78,33894.42
2016,63052000,Italy,4386311.64,201928.54
2016,7032000,Djibouti,2599142.12,119654.28
2016,62089900,United Arab Emirates,1249957.94,57543.14
2016,6031100,South Korea,1202456.4,55356.37
2016,19041000,South Africa,4548974.5,209416.9
2016,19059020,Switzerland,1982049.32,91245.76
2016,64051000,United States,3646535.1,167872.14
2016,41139000,United Kingdom,309004.08,14225.34
2016,64039900,United Kingdom,668915.74,30794.24
2016,11061000,Canada,999221.64,46000.24
2016,7081000,United Kingdom,312580.0,14389.96
2016,71031000,Hong Kong,31084945.92,1431028.56
2016,7132000,Djibouti,1551059.2,71404.62
2016,46021910,United States,1930544.3,88874.66
2016,7129090,France,1651068.4,76008.7
2016,7129090,Burundi,2150559.08,99003.28
2016,7108000,United Arab Emirates,3155654.78,145273.9
2016,8045000,Djibouti,16445898.02,757104.48
2016,41120000,Slovakia,1861834.76,85711.54
2016,30023000,Ivory Coast,1296136.68,59669.04
2016,73102900,Djibouti,351190.94,16167.44
2016,62079900,United Arab Emirates,880285.06,40524.86
2016,41120000,South Korea,4053899.54,186625.58
2016,8031000,Djibouti,15194621.8,699500.58
2016,4090000,Sudan,12041062.94,554323.14
2016,42022190,Japan,2828088.06,130194.06
2016,7129090,Hungary,1552818.34,71485.64
2016,42023190,United States,720557.84,33171.64
2016,42032100,Indonesia,349924.94,16109.16
2016,41120000,Myanmar,1875208.3,86327.22
2016,71101900,United States,1881876.28,86634.18
2016,71031000,China,6678877.8,307469.28
2016,19059020,Finland,2157724.9,99333.16
2016,49111000,Turkey,220750.26,10162.48
2016,6031900,Oman,1846113.54,84987.8
2016,9041200,Nigeria,1469901.13,67668.48
2016,7129090,Benin,352663.34,16235.22
2016,9109900,United States,2610045.14,120156.22
2016,39269090,Somalia,649677.62,29908.56
2016,83062910,United States,150267.14,6917.7
2016,64039900,Germany,170658.9,7856.46
2016,9093100,Japan,77333.02,3560.1
2016,4090000,Yemen,670932.2,30887.1
2016,11029000,United States,1154735.58,53159.48
2016,22011000,Somalia,297852.92,13711.98
2016,7129090,Switzerland,626357.38,28835.04
2016,11031900,United States,654032.38,30109.08
2016,6031100,Ivory Coast,469912.4,21632.92
2016,9041200,France,511221.06,23534.6
2016,7070000,Djibouti,1973821.74,90866.98
2016,7129090,Nigeria,2113732.06,97307.92
2016,6021000,Poland,254474.28,11714.98
2016,63052000,United States,514554.7,23688.08
2016,7129090,Norway,1588669.24,73136.1
2016,19041000,Israel,815020.44,37520.36
2016,7011000,Somalia,622761.56,28669.5
2016,7011000,Sudan,211779.08,9749.48
2016,7129090,Spain,197658.5,9099.42
2016,7132000,United States,307318.84,14147.76
2016,9041200,Kuwait,316091.5,14551.6
2016,48203000,United States,179263.56,8252.58
2016,12129300,Djibouti,419743.18,19323.32
2016,7129090,Botswana,1645591.24,75756.56
2016,71031000,France,251426.18,11574.68
2016,7129090,Sweden,1727027.1,79505.54
2016,62046900,United States,217506.8,10013.16
2016,6031900,Canada,1968212.04,90608.74
2016,64051000,France,1249212.54,57508.82
2016,41139000,South Korea,125708.46,5787.12
2016,46021210,United States,160050.1,7368.08
2016,41079900,China,3866417.32,177994.64
2016,62143000,United States,1263087.28,58147.58
2016,19041000,Norway,714657.26,32900.04
2016,64061000,Hong Kong,131506.62,6054.04
2016,9041200,Netherlands,3870710.94,178192.32
2016,7089000,United Kingdom,151841.96,6990.2
2016,6031900,Italy,947897.64,43637.46
2016,46021110,Djibouti,238996.82,11002.46
2016,9102000,Djibouti,443418.03,20413.23
2016,7099300,Djibouti,1239376.4,57056.04
2016,11062000,South Africa,1324251.7,60963.34
2016,5111000,Nigeria,603015.8,27760.48
2016,43019000,Nigeria,746166.36,34350.56
2016,7108000,Nigeria,610333.24,28097.34
2016,69120090,United States,259598.98,11950.9
2016,1042000,Somalia,11655092.04,536554.58
2016,19041000,Canada,883645.94,40679.58
2016,8071100,Djibouti,495587.12,22814.88
2016,9083200,Canada,102164.64,4703.26
2016,12129900,Djibouti,193331.8,8900.24
2016,8129000,Djibouti,503995.44,23201.98
2016,7093000,Djibouti,777842.04,35808.74
2016,6021000,South Korea,127713.56,5879.43
2016,12119000,Russia,645447.12,29713.86
2016,39231000,Sudan,105137.7,4840.12
2016,19059020,Qatar,1673776.08,77054.08
2016,61019000,United States,766595.32,35291.0
2016,7129090,Uganda,1158581.96,53336.56
2016,85489000,Germany,63913.5,2942.32
2016,7031000,Somalia,10885645.12,501132.26
2016,7082000,United Kingdom,14492762.8,667189.76
2016,9092100,Djibouti,6269368.59,288617.06
2016,9109100,United States,851772.31,39212.26
2016,57050000,United States,456242.16,21003.62
2016,61044200,Israel,1240967.62,57129.26
2016,42022900,Bahamas,84851.4,3906.22
2016,6031100,Belgium,998176.14,45952.1
2016,7081000,Germany,220137.92,10134.27
2016,6031900,United States,46685115.44,2149198.96
2016,1062000,Hong Kong,81156.98,3736.14
2016,7149000,Djibouti,553880.78,25498.48
2016,4090000,United Kingdom,3854904.56,177464.64
2016,9019000,Djibouti,584683.64,26916.52
2016,71031000,Kuwait,86218.46,3969.16
2016,8101000,Qatar,742891.76,34199.82
2016,44201010,United Kingdom,93286.1,4294.52
2016,7041000,Djibouti,441924.17,20344.44
2016,11062000,Canada,363907.36,16752.86
2016,6031900,France,681216.09,31360.51
2016,12091000,Saudi Arabia,107299.06,4939.62
2016,7129090,Philippines,1975078.18,90924.82
2016,6031100,Sudan,157382.42,7245.27
2016,69120010,Israel,414951.22,19102.72
2016,12040000,Sudan,154456.2,7110.54
2016,44190010,United States,65609.0,3020.38
2016,7094000,Djibouti,696972.44,32085.86
2016,41131000,Viet Nam,6457340.2,297270.54
2016,9101100,Djibouti,152584.7,7024.4
2016,9041200,Switzerland,4328558.56,199269.82
2016,9109900,Canada,427127.06,19663.25
2016,7129090,Angola,1273467.14,58625.42
2016,9012100,France,104564.36,4813.74
2016,11061000,Germany,3619090.7,166608.7
2016,11042900,United States,548420.7,25247.13
2016,12119000,Ireland,317852.3,14632.66
2016,71031000,Germany,1701985.24,78352.72
2016,94036000,United States,144596.12,6656.62
2016,8101000,Djibouti,761270.0,35045.9
2016,6021000,Uganda,687073.22,31630.18
2016,7129090,Italy,146153.57,6728.33
2016,11029000,South Africa,1126170.52,51844.44
2016,69111000,United States,87123.34,4010.8
2016,10049000,Canada,47761.96,2198.78
2016,11062000,Sweden,275662.06,12690.38
2016,33049900,Djibouti,276813.4,12743.41
2016,7129090,South Africa,5350939.28,246336.18
2016,9109100,Norway,39490.5,1817.98
2016,8109000,Djibouti,211582.8,9740.44
2016,75089000,Uganda,493960.6,22740.0
2016,52021000,Djibouti,344870.63,15876.49
2016,6031100,Cyprus,188092.98,8659.06
2016,7129090,Sri Lanka,1824527.66,83994.06
2016,7129090,Guinea-Bissau,53330.9,2455.14
2016,7082000,Saudi Arabia,181263.92,8344.68
2016,8045000,Saudi Arabia,55357.58,2548.44
2016,6031100,Nigeria,441484.07,20324.18
2016,9041200,Belgium,44115.8,2030.92
2016,42022290,United States,319920.78,14727.9
2016,7129090,Niger,323285.38,14882.78
2016,19041000,Sweden,405355.38,18660.95
2016,7069090,Djibouti,279809.43,12881.32
2016,25010090,South Sudan,200120.54,9212.78
2016,19059090,Canada,402139.97,18512.95
2016,11061000,Kuwait,50616.32,2330.18
2016,10041000,Djibouti,1841404.54,84771.02
2016,7101000,Djibouti,345189.25,15891.16
2016,12119000,Norway,338066.73,15563.26
2016,8101000,Seychelles,818102.28,37662.2
2016,44092100,South Sudan,36501.02,1680.36
2016,5119990,United States,6844721.12,315104.02
2016,62071900,United States,843741.12,38842.52
2016,42022190,United Arab Emirates,63126.36,2906.08
2016,7129090,Guinea,464452.82,21381.58
2016,64039900,Hong Kong,4553282.92,209615.2
2016,42022190,United States,3439609.16,158346.08
2016,7082000,Djibouti,361080.78,16622.75
2016,6031900,South Korea,93835.84,4319.82
2016,7082000,South Africa,254352.2,11709.36
2016,9022000,United States,204232.42,9402.06
2016,2068000,Sudan,42084.24,1937.4
2016,46029000,Canada,61298.78,2821.96
2016,73239400,United States,185791.42,8553.12
2016,6031100,Greece,295881.26,13621.22
2016,12040000,Djibouti,90174.81,4151.28
2016,7129090,Canada,1363029.08,62748.5
2016,25162000,South Sudan,51311.48,2362.18
2016,7099900,Morocco,43319.22,1994.24
2016,21032000,United Arab Emirates,256571.22,11811.54
2016,64051000,Australia,96306.08,4433.56
2016,19059090,United Kingdom,636706.08,29311.46
2016,7129090,Zimbabwe,375046.4,17265.66
2016,64051000,Germany,1873010.32,86226.0
2016,9083200,United States,63246.17,2911.61
2016,7129090,Nepal,295327.4,13595.7
2016,7131000,Sudan,75668.22,3483.46
2016,39251000,South Sudan,38831.42,1787.64
2016,6031100,Cameroon,141901.31,6532.56
2016,12101000,Canada,39111.04,1800.5
2016,69120010,South Africa,193240.17,8896.03
2016,11029000,Norway,131325.4,6045.72
2016,12102000,Canada,33679.68,1550.48
2016,12093000,Djibouti,23737.44,1092.78
2016,9024000,Somalia,31484.2,1449.4
2016,7129090,Pakistan,275979.42,12705.0
2016,19059020,Germany,208820.84,9613.3
2016,9109900,Norway,60323.07,2777.05
2016,7129090,Morocco,223955.94,10310.04
2016,11029000,Sweden,111702.56,5142.34
2016,7129090,Malta,94924.86,4369.96
2016,44190010,Canada,28119.02,1294.48
2016,7102200,South Africa,34745.92,1599.56
2016,19042000,Norway,28009.24,1289.44
2016,39269090,United States,33154.76,1526.3
2016,69120010,Canada,86152.64,3966.12
2016,61171000,United States,225138.82,10364.5
2016,9109900,Saudi Arabia,11972917.0,551185.96
2016,52030000,Djibouti,23423.76,1078.34
2016,9109900,Belgium,20148.06,927.54
2016,94016900,United States,147161.9,6774.76
2016,12102000,United States,486958.24,22417.62
2016,6021000,Turkey,32489.82,1495.7
2016,7129090,Tanzania,126546.3,5825.68
2016,6031900,Hong Kong,516896.85,23795.89
2016,19059020,France,372068.68,17128.56
2016,87089900,Germany,55546.72,2557.14
2016,7049000,Somalia,94271.81,4339.9
2016,73219000,South Africa,75694.38,3484.66
2016,42022900,Japan,14895.94,685.76
2016,6021000,Russia,33166.42,1526.86
2016,7129090,Estonia,30497.92,1404.0
2016,11061000,Netherlands,418104.06,19247.86
2016,12119000,Djibouti,159258.89,7331.63
2016,11010000,South Africa,307482.02,14155.26
2016,64051000,United Kingdom,204103.58,9396.16
2016,11061000,Australia,360409.34,16591.84
2016,69120010,Saudi Arabia,309695.06,14257.14
2016,7129090,Belgium,44936.74,2068.72
2016,4090000,Saudi Arabia,172702.94,7950.56
2016,11029000,Canada,161993.18,7457.53
2016,19059020,Belgium,90970.62,4187.94
2016,6021000,Lebanon,166501.78,7665.08
2016,7051900,Djibouti,52758.62,2428.8
2016,7129090,Senegal,123122.56,5668.08
2016,61099000,Canada,264580.7,12180.26
2016,7129090,Malaysia,611502.3,28151.14
2016,8101000,Belgium,12126.96,558.28
2016,12060000,United States,189860.08,8740.4
2016,11041900,United States,19382.14,892.26
2016,11061000,France,29161.8,1342.5
2016,7129090,Slovakia,24823.32,1142.78
2016,6021000,Malaysia,131468.92,6052.32
2016,7129090,Mozambique,539364.12,24830.2
2016,6031100,Egypt,13061.9,601.32
2016,19059090,Switzerland,104098.65,4792.31
2016,7039000,Somalia,28557.92,1314.7
2016,73239300,United States,12387.1,570.26
2016,11061000,Belgium,13645.24,628.18
2016,7129090,Singapore,110860.88,5103.62
2016,9041200,Finland,37005.32,1703.58
2016,8054000,Belgium,9701.66,446.62
2016,94038900,United States,145201.96,6684.52
2016,11071000,United States,85779.46,3948.96
2016,12102000,Norway,24612.46,1133.06
2016,7129090,Finland,29990.78,1380.66
2016,7052900,Djibouti,79525.96,3661.08
2016,64051000,Finland,8641.42,397.82
2016,7129090,Portugal,47613.1,2191.92
2016,8044000,Somalia,360867.23,16612.92
2016,44201010,South Korea,5654.33,260.3
2016,7129090,Argentina,11417.22,525.6
2016,7129090,Brazil,23061.34,1061.66
2016,8043000,Saudi Arabia,12557.96,578.12
2016,39241090,United States,46784.26,2153.76
2016,9109900,Netherlands,31432.31,1447.02
2016,6031100,China,199724.26,9194.52
2016,9109900,Germany,196476.4,9044.99
2016,7142000,Djibouti,60297.3,2775.87
2016,63052000,Bahamas,11524.08,530.52
2016,20089900,Somalia,7694.76,354.24
2016,21032000,Somalia,13992.36,644.16
2016,9083100,Canada,141334.32,6506.48
2016,21032000,Nigeria,74955.35,3450.65
2016,7032000,Somalia,791083.8,36418.4
2016,6031900,Bahrain,248297.78,11430.66
2016,8101000,Norway,12792.4,588.92
2016,7129090,Denmark,12697.82,584.56
2016,42050000,United States,1697088.2,78127.26
2016,19059020,Nigeria,88353.46,4067.42
2016,9022000,Canada,36349.84,1673.4
2016,7097000,Djibouti,12048.54,554.66
2016,11010000,Sweden,62347.68,2870.24
2016,6031100,Seychelles,172951.11,7961.99
2016,25171000,South Sudan,92892.48,4276.42
2016,64051000,Austria,170433.06,7846.08
2016,9022000,Germany,8562.34,394.18
2016,70134900,United States,33284.58,1532.3
2016,2013000,Kuwait,7661.2,352.7
2016,7082000,Belgium,1280394.68,58944.32
2016,19059090,Finland,2300.38,105.9
2016,9012100,Canada,95670.6,4404.3
2016,6031100,Senegal,47619.14,2192.22
2016,11029000,Australia,434557.79,20005.34
2016,9109900,Switzerland,79941.88,3680.22
2016,33074100,United States,56239.38,2589.02
2016,11062000,Norway,204090.22,9395.49
2016,12051000,Djibouti,11552.36,531.82
2016,9109100,Canada,34563.42,1591.16
2016,12093000,Germany,43578.8,2006.2
2016,8072000,Somalia,498754.2,22960.66
2016,8052000,Djibouti,333685.92,15361.58
2016,8043000,Djibouti,46486.54,2140.1
2016,19059090,Bahrain,6093.44,280.52
2016,7129090,Poland,20380.0,938.22
2016,11029000,Switzerland,42487.0,1955.92
2016,7122000,Djibouti,29570.09,1361.27
2016,25232900,Turkey,885.02,40.74
2016,94037000,United States,3224.92,148.46
2016,12093000,United States,260402.22,11987.9
2016,8054000,Djibouti,13420.45,617.84
2016,9019000,Norway,2779.28,127.94
2016,8044000,Djibouti,81076.54,3732.45
2016,7104000,Djibouti,4634.75,213.38
2016,8072000,Saudi Arabia,5766.38,265.46
2016,6031900,Equatorial Guinea,1549.24,71.32
2016,64059000,Japan,6633800.18,305394.06
2016,7129090,Australia,949197.32,43697.32
2016,63031900,United States,4000.0,184.14
2016,54078200,Turkey,518610.0,23874.76
2016,44201010,United States,68072.82,3133.8
2016,9109100,Netherlands,2135.7,98.32
2016,54071000,Turkey,2487168.34,114499.44
2016,11062000,Switzerland,65980.64,3037.48
2016,64051000,Switzerland,293833.38,13526.94
2016,7129090,Egypt,5716.08,263.14
2016,6031100,Canada,1250941.3,57588.44
2016,19041000,Netherlands,19113.36,879.9
2016,6031100,Equatorial Guinea,3098.48,142.64
2016,11062000,Germany,398521.71,18346.36
2016,12075000,United States,2582.52,118.88
2016,8109000,Somalia,11538.48,531.18
2016,7135000,Sudan,306603107.76,14114800.51
2016,64051000,New Zealand,248443.6,11437.36
2016,9109100,Switzerland,1524.02,70.16
2016,12089000,Switzerland,1524.02,70.16
2016,11063000,Switzerland,1524.02,70.16
2016,8094000,Djibouti,2628.52,121.02
2016,71031000,Indonesia,725.58,33.4
2016,12119000,Nigeria,340.86,15.7
2016,12075000,Djibouti,315.0,14.5
2016,22089000,China,299.0,13.76
2016,41071900,China,13726531.6,631915.5
2016,9024000,Kenya,29717466.34,1368075.2
2016,9011100,China,215168801.18,9905524.84
2016,7133300,Lithuania,8912816.16,410310.98
2016,9093100,United Arab Emirates,8387334.2,386119.86
2016,61072100,Germany,65959974.04,3036537.62
2016,7133300,Slovenia,13009133.34,598889.3
2016,9093100,Egypt,10794009.88,496913.74
2016,9011100,Switzerland,30045311.74,1383167.9
2016,62011300,Italy,5187971.8,238833.8
2016,7136000,India,69617733.48,3204926.48
2016,12072900,Yemen,21940303.38,1010045.24
2016,12019000,Kenya,14528023.02,668813.02
2016,9011100,Mexico,46810794.04,2154984.74
2016,62033900,Germany,15117297.42,695940.88
2016,12074090,Switzerland,7907273.44,364019.76
2016,2069000,Viet Nam,6170663.1,284073.06
2016,9093100,Algeria,10571764.5,486682.44
2016,13019000,Tunisia,35953218.74,1655144.7
2016,62071100,Germany,6038110.32,277970.84
2016,7133300,Czech Republic,30079957.7,1384762.86
2016,20093100,Netherlands,28808132.06,1326213.04
2016,9109900,Egypt,4463580.24,205485.66
2016,42032900,United States,98015209.16,4512234.52
2016,64032000,Canada,3771513.66,173625.64
2016,12011000,Turkey,8886632.08,409105.56
2016,9011100,Slovenia,7348848.54,338312.08
2016,12079990,China,159110801.84,7324835.18
2016,7133300,Egypt,28735632.62,1322875.44
2016,12074090,Egypt,72926641.42,3357255.6
2016,7082000,Indonesia,9485859.42,436691.64
2016,12019000,Viet Nam,66329226.94,3053536.58
2016,13019000,Viet Nam,51836986.82,2386370.88
2016,7133300,Nicaragua,11530350.2,530811.94
2016,10089090,Israel,7324853.4,337207.42
2016,10089010,Israel,73014988.12,3361322.7
2016,61178000,Sudan,10638044.46,489733.7
2016,26159000,Hong Kong,8555555.42,393864.1
2016,62042900,France,26677456.7,1228125.14
2016,7133300,Belgium,58051289.32,2672452.9
2016,41062200,China,6034604.2,277809.42
2016,7139000,Iraq,5803029.12,267148.62
2016,64039900,United States,39114084.94,1800658.54
2016,41131000,Taiwan,3334228.26,153494.74
2016,63053900,Estonia,4381576.9,201710.56
2016,61091000,United Kingdom,35849700.04,1650379.12
2016,7132000,Lebanon,3693997.44,170057.1
2016,64029900,United States,7933072.08,365207.44
2016,1022910,Saudi Arabia,277446394.68,12772540.14
2016,6022000,Somalia,5176306.96,238296.8
2016,12019000,Canada,6077520.02,279785.1
2016,25239000,Kenya,2054169.6,94565.88
2016,12079910,Israel,1627745.2,74934.98
2016,52093190,United States,1366666.12,62915.92
2016,42032900,United Kingdom,4876731.58,224505.52
2016,7133300,Poland,1848752.64,85109.3
2016,9093100,Sri Lanka,7891696.66,363302.66
2016,9092100,Yemen,7100670.44,326886.92
2016,12079910,United Kingdom,8130254.24,374284.92
2016,20089900,Kenya,11356888.26,522826.44
2016,12089000,United Arab Emirates,1502824.18,69184.12
2016,73219000,India,1280432.38,58946.06
2016,22030000,Djibouti,10583973.4,487244.48
2016,1022910,Yemen,34010303.96,1565700.54
2016,11061000,Israel,5629345.82,259152.94
2016,6031100,South Africa,22579998.16,1039494.24
2016,58021900,Kenya,6008873.4,276624.9
2016,9103000,Jordan,2315681.72,106604.88
2016,58021900,Israel,1762753.78,81150.24
2016,7132000,Yemen,2330922.82,107306.5
2016,52051400,China,5836366.02,268683.32
2016,10079000,Saudi Arabia,44910875.04,2067519.96
2016,2023000,Comoros,11844057.54,545253.8
2016,12074090,Bulgaria,3600577.52,165756.42
2016,62072100,Germany,1518687.54,69914.4
2016,7133100,India,10652428.96,490395.88
2016,62149000,United States,7002944.24,322388.0
2016,25232900,Kenya,27746738.58,1277350.66
2016,12074090,Bahrain,3219880.02,148230.6
2016,19059020,Denmark,124777.36,5744.25
2016,30023000,Chad,4619716.04,212673.54
2016,52052200,Egypt,4379005.34,201592.18
2016,52051200,Turkey,7128189.96,328153.82
2016,63052000,Austria,1342681.66,61811.78
2016,41069200,India,3083167.86,141936.92
2016,41053000,China,3077620.22,141681.52
2016,9011100,Qatar,3009881.16,138563.08
2016,12079990,Turkey,3001372.92,138171.4
2016,9102000,Egypt,2982091.86,137283.78
2016,25309000,China,8772913.48,403870.42
2016,12079990,Yemen,11992020.7,552065.44
2016,1061300,Saudi Arabia,20010604.8,921209.48
2016,7133300,Turkey,65914867.88,3034461.12
2016,6021000,El Salvador,5303085.7,244133.2
2016,26209100,China,4639557.6,213586.98
2016,54023300,Portugal,5015284.62,230883.96
2016,9093100,Saudi Arabia,21236396.06,977640.08
2016,52081900,Italy,8383833.82,385958.72
2016,7133300,United States,10006937.52,460680.02
2016,11061000,United Kingdom,573323.14,26393.56
2016,20089900,Sudan,6269140.58,288606.56
2016,61013000,United States,447125.4,20583.9
2016,28070000,Sudan,966805.2,44507.9
2016,79039000,Kenya,4089342.7,188257.26
2016,2021000,United Arab Emirates,17190396.02,791378.2
2016,53031000,Sudan,1474733.36,67890.92
2016,64051000,Israel,329148.56,15152.7
2016,11029000,Germany,672592.2,30963.5
2016,22030000,Sudan,1199742.02,55231.4
2016,75089000,South Africa,328915.14,15141.94
2016,11061000,Saudi Arabia,1372390.92,63179.46
2016,30043900,Somalia,1103771.12,50813.28
2016,7132000,Israel,2546883.02,117248.48
2016,1022910,Sudan,1026110.4,47238.08
2016,1061300,Somalia,9862415.5,454026.8
2016,30049090,Somalia,481951.84,22187.16
2016,64029900,Canada,278877.06,12838.4
2016,9109900,Yemen,1191797.66,54865.68
2016,62114900,United States,2148001.96,98885.56
2016,9012100,Netherlands,4571047.72,210433.06
2016,62031100,United States,715796.66,32952.46
2016,9012100,Germany,1693142.36,77945.6
2016,7132000,South Africa,462188.16,21277.32
2016,19059090,Somalia,427952.0,19701.22
2016,22030000,France,504648.16,23232.02
2016,2069000,Egypt,675745.46,31108.66
2016,85444200,Kenya,973590.8,44820.28
2016,96020090,Ghana,417036.06,19198.7
2016,9093100,India,347293.98,15988.04
2016,41120000,Spain,3601917.6,165818.12
2016,9041200,India,1086496.98,50018.04
2016,10041000,Israel,2815605.48,129619.4
2016,71179090,Sao Tome and Principe,468907.0,21586.64
2016,39079900,Turkey,668936.82,30795.22
2016,7133300,Japan,1308749.08,60249.66
2016,62052000,Germany,964882.54,44419.4
2016,62044200,United States,3721873.8,171340.42
2016,12074090,Djibouti,690486.78,31787.3
2016,6031100,Qatar,2128234.76,97975.55
2016,22030000,United States,6179376.72,284474.2
2016,12102000,Israel,5972544.92,274952.46
2016,9092100,Kenya,872744.8,40177.74
2016,33059000,Lebanon,1218324.98,56086.9
2016,12113000,India,1725346.1,79428.14
2016,22030000,United Kingdom,1815315.54,83569.98
2016,12051000,Kenya,420182.84,19343.56
2016,5069000,Viet Nam,2257410.44,103922.3
2016,62052000,United States,6372091.78,293346.04
2016,7136000,Kenya,721965.32,33236.44
2016,25151100,India,3596248.44,165557.12
2016,11071000,Israel,197464.12,9090.48
2016,7129090,Cambodia,2597974.9,119600.54
2016,62149000,Hong Kong,103768.4,4777.08
2016,9041200,Australia,2568128.4,118226.52
2016,71031000,Czech Republic,165631.32,7625.02
2016,6031100,Ghana,193582.35,8911.77
2016,63039100,Djibouti,126896.02,5841.8
2016,61071100,United States,1617002.72,74440.46
2016,9012200,United States,263171.66,12115.38
2016,10082100,Israel,2035146.22,93690.12
2016,9041200,Israel,6905109.08,317884.04
2016,64041900,United States,136859.1,6300.46
2016,7129090,Indonesia,816558.8,37591.16
2016,42050000,France,685392.24,31552.76
2016,4051000,Australia,189384.7,8718.52
2016,64051000,South Korea,148564.64,6839.34
2016,41139000,Uganda,80316.36,3697.44
2016,7129090,Burkina Faso,116410.48,5359.08
2016,56072100,Sudan,213976.0,9850.62
2016,96020090,Uganda,1197582.48,55131.98
2016,12119000,Israel,112394.22,5174.17
2016,9012100,South Korea,71963.46,3312.92
2016,7129090,Cape Verde,417535.08,19221.68
2016,94036000,United Kingdom,82487.0,3797.38
2016,7082000,Ireland,584456.84,26906.1
2016,64042000,Somalia,98428.96,4531.28
2016,6031100,Bahrain,115083.56,5297.99
2016,62044200,Saudi Arabia,178577.7,8221.02
2016,56079000,Turkey,71351.46,3284.74
2016,62149000,France,762137.86,35085.82
2016,6031100,Kuwait,5443277.54,250587.05
2016,64051000,South Sudan,175828.28,8094.44
2016,62043300,Germany,257432.18,11851.16
2016,7132000,United Kingdom,240306.58,11062.76
2016,19021990,South Sudan,157701.14,7259.94
2016,87089100,United Arab Emirates,205222.08,9447.62
2016,9083100,Kenya,481171.2,22151.22
2016,63059000,United Kingdom,176671.4,8133.26
2016,61071100,Germany,12094711.52,556792.92
2016,8043000,Somalia,413407.52,19031.64
2016,6031100,Pakistan,162534.16,7482.44
2016,9062000,United States,246324.78,11339.82
2016,69120010,Norway,86789.64,3995.46
2016,8055000,Somalia,203560.22,9371.1
2016,9012100,Poland,126171.66,5808.44
2016,64032000,Germany,120462.48,5545.62
2016,11061000,Norway,503604.06,23183.96
2016,25084000,Saudi Arabia,90297.7,4156.96
2016,9041200,Lebanon,316471.76,14569.12
2016,9093100,Israel,492672.8,22680.72
2016,9041200,Italy,713174.82,32831.76
2016,62046300,China,40350.94,1857.6
2016,69120010,United Kingdom,153004.66,7043.74
2016,6031100,Congo,48377.2,2227.1
2016,64039900,France,47304.86,2177.72
2016,19059090,Netherlands,39817.72,1833.05
2016,7129090,Czech Republic,1262432.2,58117.42
2016,44201010,Australia,30096.42,1385.52
2016,19059090,Australia,46170.49,2125.51
2016,61149000,Australia,156193.18,7190.52
2016,6031100,Togo,31830.04,1465.34
2016,6031100,Djibouti,196932.7,9066.01
2016,7129090,Gambia,119602.4,5506.02
2016,63053900,Japan,43200.0,1988.76
2016,71031000,Saudi Arabia,183638.84,8454.0
2016,11061000,Lebanon,33407.18,1537.94
2016,16023100,United States,35235.32,1622.1
2016,67041100,Lebanon,54859.24,2525.51
2016,69120010,Lebanon,26513.56,1220.59
2016,9109900,Japan,61839.06,2846.82
2016,71031000,Malaysia,755448.46,34777.86
2016,7129090,Bulgaria,87194.42,4014.08
2016,9041100,United Arab Emirates,57516.74,2647.84
2016,62044900,Israel,64192.8,2955.18
2016,69120010,Australia,122686.94,5648.02
2016,19059090,Norway,89836.95,4135.72
2016,5119990,France,42754.6,1968.26
2016,58050090,United States,202074.8,9302.72
2016,19052000,South Sudan,61168.94,2815.98
2016,62071100,China,59955.42,2760.12
2016,62092000,United States,59558.34,2741.84
2016,11062000,Australia,206325.91,9498.42
2016,46021290,Australia,57407.88,2642.84
2016,11061000,Italy,53902.24,2481.44
2016,11029000,United Kingdom,70785.22,3258.66
2016,62149000,Austria,46735.0,2151.5
2016,4051000,Sudan,1235289.1,56867.87
2016,46021110,Spain,80746.6,3717.26
2016,62149000,Lebanon,67587.29,3111.45
2016,11061000,Sweden,1380930.2,63572.58
2016,6021000,Costa Rica,37745.36,1737.64
2016,6031900,Singapore,228671.52,10527.12
2016,9083100,United Kingdom,33648.0,1549.02
2016,73239300,United Kingdom,30589.1,1408.2
2016,10061000,South Sudan,27560.1,1268.76
2016,9022000,India,70004.1,3222.72
2016,9041100,United States,25661.28,1181.34
2016,9024000,South Korea,125459.94,5775.7
2016,57050000,Australia,23740.54,1092.92
2016,7129090,Ukraine,23538.54,1083.62
2016,9109900,Israel,442061.64,20350.74
2016,39189090,Lebanon,16732.92,770.32
2016,12072900,Canada,3879.6,178.6
2016,94033090,United Kingdom,16518.1,760.42
2016,19059020,Equatorial Guinea,6847.22,315.22
2016,12102000,Australia,22051.88,1015.18
2016,42033000,United States,12814.26,589.92
2016,63013000,United States,5130.54,236.18
2016,69111000,United Kingdom,8809.66,405.56
2016,49019900,South Sudan,3998.86,184.1
2016,19041000,Switzerland,406526.06,18714.85
2016,12101000,United States,264224.44,12163.87
2016,73269090,Australia,12021.48,553.42
2016,11063000,United States,6969.66,320.86
2016,46029000,Israel,304695.59,14026.99
2016,12072900,United States,20459.04,941.86
2016,64039900,Belgium,7910.58,364.18
2016,7129090,Central African Republic,22237.86,1023.74
2016,4051000,United States,179415.56,8259.58
2016,7129090,Tunisia,15914.24,732.62
2016,63024000,United States,11674.52,537.44
2016,33043000,Lebanon,11610.18,534.49
2016,11010000,United States,82092.12,3779.2
2016,63023100,Australia,19990.24,920.28
2016,46019400,South Africa,18065.56,831.66
2016,11061000,Finland,24007.14,1105.2
2016,96151900,Lebanon,9675.37,445.41
2016,7129090,Belarus,16900.98,778.04
2016,94018000,Djibouti,15870.48,730.62
2016,7129090,Algeria,15292.22,704.0
2016,19059020,Saudi Arabia,30598.84,1408.66
2016,9109900,Finland,14048.8,646.74
2016,68062000,United Kingdom,12235.64,563.28
2016,62046200,United States,293915.62,13530.72
2016,11029000,Netherlands,41076.1,1890.99
2016,64039900,Russia,21116.32,972.12
2016,7129090,Luxembourg,11436.72,526.5
2016,13021300,Germany,55439.64,2552.24
2016,94035010,Djibouti,8653.1,398.36
2016,6031100,Spain,13187.64,607.1
2016,46012100,United States,23739.42,1092.86
2016,9109900,Australia,331619.28,15266.46
2016,9109900,South Africa,284264.03,13086.39
2016,46012000,United Kingdom,6117.82,281.64
2016,9022000,Norway,5550.82,255.54
2016,12075000,Canada,10201.44,469.64
2016,73218900,Lebanon,24189.15,1113.57
2016,9083100,Australia,201115.9,9258.58
2016,39269090,Lebanon,12755.89,587.22
2016,32099000,Somalia,1234833.56,56846.88
2016,71031000,Australia,29382.96,1352.68
2016,70181010,United States,74825.4,3444.66
2016,7132000,Bangladesh,69048582.48,3178725.0
2016,69120090,Australia,11125.69,512.18
2016,62034900,United States,5746447.1,264543.82
2016,7132000,India,318623108.22,14668154.02
2016,1022910,Egypt,77670600.28,3575648.78
2016,7133300,El Salvador,39763222.28,1830542.26
2016,12074090,Tunisia,6465597.46,297650.66
2016,61091000,Djibouti,5526137.36,254401.62
2016,10089090,Canada,4594.08,211.48
2016,85171200,China,9698432.78,446477.68
2016,7133300,Somalia,12042644.34,554395.96
2016,11071000,Germany,28132.72,1295.12
2016,19049000,Canada,1337.74,61.58
2016,12019000,Mozambique,19580150.7,901393.08
2016,1063900,Saudi Arabia,16812614.12,773986.6
2016,61099000,United Kingdom,7337895.18,337807.82
2016,6031100,Gabon,3494.32,160.86
2016,11010000,Netherlands,7185.38,330.8
2016,94016900,Djibouti,2266.42,104.34
2016,71171910,Lebanon,4457.27,205.19
2016,39221000,Djibouti,3399.84,156.52
2016,19041000,Germany,147688.36,6799.0
2016,96032900,Lebanon,1207.9,55.61
2016,39051900,Sudan,3209.64,147.76
2016,82151000,Australia,2780.68,128.02
2016,12074090,Sudan,42742567.42,1967699.62
2016,85161000,Djibouti,2266.42,104.34
2016,90189000,Djibouti,2266.42,104.34
2016,70181010,South Africa,1858.16,85.54
2016,6021000,Australia,1669.0,76.84
2016,9011100,Netherlands,179643071.28,8270060.04
2016,39041000,Sudan,1069.88,49.26
2016,39269090,Australia,1066.14,49.08
2016,7051900,United States,1037.2,47.74
2016,62011300,Lebanon,1027.08,47.28
2016,9061900,Germany,809.54,37.26
2016,4029900,United States,536.98,24.72
2016,4022100,United States,500.22,23.02
2016,25084000,Turkey,427.92,19.7
2016,9011100,Portugal,47747503.44,2198107.16
2016,15219020,Germany,27936128.0,1286069.4
2016,11042200,Germany,10918.69,502.67
2016,12089000,Turkey,6352540.86,292445.98
2016,90111000,Sudan,6186394.04,284797.24
2016,61099000,Djibouti,6068364.28,279363.62
2016,12072900,United Arab Emirates,5829481.68,268366.4
2016,41120000,United Kingdom,84872237.4,3907183.82
2016,6031900,Cameroon,14942.26,687.9
2016,42022110,Germany,74677.12,3437.84
2016,71081300,Switzerland,3845849092.12,177047757.44
2016,7133900,Malaysia,21069241.66,969944.98
2016,1041000,United Arab Emirates,4463079.3,205462.6
2016,41131000,India,2715790.52,125024.32
2016,12099100,Germany,1500221.22,69064.28
2016,7132000,Turkey,16181110.58,744914.66
2016,1061900,Sudan,2225473.04,102452.02
2016,61013000,Italy,3672407.4,169063.19
2016,9011100,Malaysia,2642570.5,121653.54
2016,12011000,Sri Lanka,8524665.84,392442.06
2016,58021900,Turkey,7200993.54,331505.4
2016,7139000,Egypt,21396795.1,985024.24
2016,9011100,Norway,38247721.72,1760774.6
2016,9093100,Pakistan,7991974.2,367919.04
2016,85238000,Hong Kong,3565026.34,164119.78
2016,7102900,Belgium,5052417.6,232593.42
2016,41120000,Slovenia,1992015.24,91704.54
2016,5119990,Russia,3344405.14,153963.26
2016,12119000,United Kingdom,26404656.34,1215566.46
2016,58021900,United States,4201243.6,193408.72
2016,9109900,Indonesia,10320100.16,475096.8
2016,58021900,Greece,4315040.5,198647.48
2016,12081000,Sudan,18394325.34,846802.38
2016,9103000,Saudi Arabia,1244661.12,57299.3
2016,13019000,Guatemala,5520719.8,254152.22
2016,41120000,France,7822316.08,360108.64
2016,7139000,Malaysia,72093011.04,3318878.5
2016,15219020,Canada,4124428.8,189872.48
2016,12079990,Saudi Arabia,2828632.25,130219.1
2016,33059000,Saudi Arabia,1325567.78,61023.92
2016,61023000,Italy,2919594.78,134406.66
2016,12079910,India,20714710.08,953623.74
2016,81121200,China,5430474.48,249997.68
2016,12011000,South Africa,5324739.74,245130.06
2016,61033900,Italy,5203447.9,239546.26
2016,7129090,Somalia,4601315.88,211826.48
2016,39232990,Djibouti,6275580.22,288903.02
2016,4090000,Germany,4085641.28,188086.84
2016,25174900,Hong Kong,12775689.62,588142.46
2016,14011000,Sudan,3508186.66,161503.1
2016,19059090,Djibouti,6963037.26,320550.84
2016,7133300,Syria,1931238.0,88906.6
2016,12060000,Germany,2574984.0,118542.12
2016,12019000,United Arab Emirates,2415062.36,111179.96
2016,9093100,Turkey,6833018.4,314565.28
2016,9011100,Bulgaria,15222519.02,700784.88
2016,9011100,Hong Kong,3567675.18,164241.72
2016,27079900,Malaysia,1286274.0,59215.0
2016,11043010,United States,1279642.32,58909.7
2016,41120000,Sweden,11221751.82,516605.28
2016,9011100,Yemen,10119650.12,465868.88
2016,62079100,United States,543932.74,25040.52
2016,64051000,Spain,972491.9,44769.7
2016,9083100,United States,1374465.56,63274.98
2016,61152900,Belgium,401697.5,18492.58
2016,54023300,Syria,601409.4,27686.52
2016,62034900,United Kingdom,9940086.68,457602.48
2016,41120000,Finland,786251.7,36195.94
2016,3055900,Sudan,2522763.68,116138.12
2016,12074090,Kuwait,2077141.2,95623.4
2016,12019000,Kuwait,388632.1,17891.1
2016,73090000,Djibouti,4566633.2,210229.82
2016,61044200,Germany,1128527.36,51952.96
2016,9093100,Somalia,301599.2,13884.44
2016,62011200,United States,269720.44,12416.86
2016,41120000,Taiwan,4327003.26,199198.2
2016,41139000,Italy,10678062.08,491575.94
2016,62063000,Australia,308018.94,14179.98
2016,62149000,United Kingdom,558109.14,25693.16
2016,62044200,Israel,869865.5,40045.2
2016,61152900,Sweden,702970.62,32362.0
2016,8101000,United Arab Emirates,5927174.26,272863.78
2016,52062100,Turkey,761753.4,35068.12
2016,61046200,Norway,950225.86,43744.66
2016,9012100,Djibouti,423923.74,19515.78
2016,38220000,India,3314567.66,152589.64
2016,64032000,Hong Kong,447809.96,20615.4
2016,62034200,Italy,942317.58,43380.6
2016,90011000,Kenya,5499548.36,253177.58
2016,12099100,Netherlands,778380.12,35833.56
2016,12101000,Israel,979319.52,45084.0
2016,1042000,United Arab Emirates,5934438.76,273198.22
2016,9109900,Somalia,2860353.6,131679.42
2016,22030000,Australia,1220077.32,56167.54
2016,22030000,Lebanon,520861.8,23978.42
2016,41079100,India,515585.66,23735.54
2016,41131000,Russia,279191.28,12852.86
2016,9061900,Sudan,446366.8,20548.98
2016,5119990,Hong Kong,6903713.88,317819.82
2016,61099000,France,20557524.0,946387.5
2016,62052000,Djibouti,376045.94,17311.68
2016,62044200,Australia,354422.14,16316.2
2016,71031000,Singapore,719732.4,33133.64
2016,1041000,Yemen,434889.5,20020.6
2016,61152900,Denmark,301273.12,13869.42
2016,61152900,Poland,301273.12,13869.42
2016,61152900,Norway,301273.12,13869.42
2016,52092100,Kenya,2190362.12,100835.66
2016,22042100,United States,2730276.08,125691.16
2016,82159900,United States,73578.22,3387.26
2016,6031100,New Zealand,151641.76,6980.98
2016,10063000,South Sudan,66134.34,3044.56
2016,84559000,Kenya,193289.62,8898.3
2016,61091000,Japan,290651.88,13380.48
2016,62034900,Italy,4313576.46,198580.08
2016,9083100,Italy,47282.96,2176.72
2016,7129090,Mali,1356337.42,62440.42
2016,63051000,Sweden,305542.28,14065.96
2016,62069000,United Arab Emirates,174264.2,8022.44
2016,22011000,South Sudan,270589.2,12456.86
2016,7041000,Saudi Arabia,53270.68,2452.38
2016,9071000,Italy,45888.24,2112.52
2016,7135000,United States,41745.96,1921.82
2016,6021000,Canada,40348830.4,1857501.36
2016,90189000,Sudan,61711.76,2840.96
2016,69109000,United States,262588.34,12088.52
2016,71031000,United Kingdom,671288.78,30903.5
2016,20081900,Djibouti,262535.06,12086.08
2016,59070000,Bahrain,96516.12,4443.22
2016,61169200,Djibouti,120306.84,5538.46
2016,87084000,Germany,48350.6,2225.88
2016,8045000,Somalia,2083182.4,95901.5
2016,9012100,United States,179986.38,8285.86
2016,62149000,Switzerland,92468.86,4256.9
2016,49011000,Sweden,89021.56,4098.2
2016,52103900,Turkey,261098.72,12019.96
2016,9041100,Yemen,258513.6,11900.94
2016,2045000,Qatar,258169.18,11885.1
2016,68152000,United States,248110.16,11422.02
2016,42022900,Canada,247202.74,11380.24
2016,71131910,United States,227197.26,10459.26
2016,11042200,Israel,218152.96,10042.9
2016,48189000,United States,201796.26,9289.9
2016,39204300,Somalia,1494843.52,68816.7
2016,42022110,Canada,93878.4,4321.8
2016,9041100,South Africa,148645.32,6843.04
2016,69120010,France,289321.96,13319.24
2016,9103000,Kenya,334261.3,15388.08
2016,9012100,Sweden,289562.8,13330.34
2016,9071000,United States,65615.98,3020.7
2016,88033000,Germany,62239.3,2865.26
2016,9011100,Nigeria,58196.48,2679.14
2016,71031000,Namibia,56211.18,2587.74
2016,9012100,Somalia,99929.92,4600.38
2016,71031000,Denmark,175254.4,8068.0
2016,85481000,Jordan,91675.0,4220.36
2016,22011000,Sudan,129761.26,5973.7
2016,7129090,Chad,496052.64,22836.32
2016,7051900,Nigeria,211419.74,9732.92
2016,6031100,Romania,22920.4,1055.18
2016,9081100,Italy,32346.98,1489.12
2016,16021000,Djibouti,25043.5,1152.9
2016,92060010,United States,18843.08,867.46
2016,12119000,Switzerland,109059.76,5020.68
2016,41120000,Czech Republic,13923.92,641.0
2016,9083100,Germany,41311.1,1901.8
2016,44219090,United States,15059.86,693.3
2016,42022190,Australia,34370.24,1582.28
2016,7129090,Togo,47574.72,2190.16
2016,7134000,Italy,12787.46,588.68
2016,87089200,Germany,21410.42,985.66
2016,11051000,United States,29043.6,1337.06
2016,7129090,Japan,35511.09,1634.8
2016,71031000,Guinea,39788.74,1831.72
2016,62046100,Italy,11419.5,525.7
2016,9093100,Italy,22674.04,1043.82
2016,44151000,United States,18505.26,851.9
2016,64041100,United Kingdom,37086.42,1707.32
2016,69120010,Sweden,194999.32,8977.0
2016,9019000,United States,85226.14,3923.48
2016,64051000,Luxembourg,26771.2,1232.44
2016,68041000,Israel,28059.22,1291.74
2016,10049000,United States,30471.7,1402.8
2016,57019000,France,29776.14,1370.78
2016,62044200,United Kingdom,81267.7,3741.26
2016,49011000,United States,27107.36,1247.92
2016,10039000,United States,26088.84,1201.02
2016,46029000,United States,105854.52,4873.14
2016,7139000,Italy,23993.18,1104.56
2016,7132000,Sudan,36862997.49,1697027.32
2016,6021000,Philippines,71797.48,3305.28
2016,70109000,United States,21686.2,998.34
2016,7129090,Congo,355261.12,16354.84
2016,7041000,Nigeria,19625.48,903.48
2016,11042200,South Africa,175964.02,8100.68
2016,94033000,United States,18505.26,851.9
2016,34060000,United States,17211.28,792.34
2016,6031900,Djibouti,51378.3,2365.26
2016,9061100,Italy,14807.22,681.66
2016,9101100,Italy,14765.24,679.74
2016,39209900,United States,14693.26,676.42
2016,7129090,Sierra Leone,34482.66,1587.44
2016,13021900,United States,13392.94,616.56
2016,94018000,United States,29172.99,1342.99
2016,9081100,United States,12779.36,588.32
2016,69120010,Belgium,12360.0,569.0
2016,6031100,Sweden,12246.6,563.78
2016,6031900,Tanzania,17407.74,801.38
2016,6031900,South Africa,175264.68,8068.52
2016,83016000,Djibouti,4282.7,197.16
2016,11010000,Switzerland,15251.24,702.1
2016,64029100,United Kingdom,6285.54,289.36
2016,9103000,Italy,3558.6,163.82
2016,90011000,Turkey,8021.94,369.3
2016,9012100,Finland,53296.36,2453.54
2016,94036000,France,10238.73,471.35
2016,9109900,Italy,9065.6,417.34
2016,12040000,Italy,2146.16,98.8
2016,19041000,Australia,320500.95,14754.59
2016,8044000,United Arab Emirates,5608.86,258.21
2016,9021000,United States,12590.72,579.64
2016,4051000,Netherlands,3877.7,178.52
2016,21032000,Congo,4275.25,196.81
2016,41120000,China,274027927.08,12615167.34
2016,46021910,Sweden,2366.54,108.94
2016,11061000,Angola,21725.72,1000.18
2016,6031900,Jordan,2925.9,134.7
2016,7108000,Congo,24983.7,1150.16
2016,9109100,Australia,45224.02,2081.94
2016,8129000,Somalia,1380.6,63.56
2016,11031100,United States,8860.36,407.9
2016,84138190,Germany,8703.1,400.66
2016,20098090,Egypt,8592.56,395.56
2016,71039100,Belgium,8558.04,393.98
2016,7132000,Italy,8093.5,372.6
2016,62011200,Sweden,7831.12,360.52
2016,19049000,South Africa,209113.64,9626.78
2016,19059020,Djibouti,75064.21,3455.68
2016,69119000,Sweden,4474.92,206.0
2016,11010000,Australia,4308.56,198.34
2016,6031100,Switzerland,57748.16,2658.5
2016,12129900,United Arab Emirates,19615.06,903.0
2016,8102000,Djibouti,7241.02,333.36
2016,11029000,Italy,2873.36,132.28
2016,11072000,Switzerland,2825.16,130.06
2016,7019000,Somalia,483691395.92,22267248.38
2016,11042200,United States,131027.94,6032.02
2016,73029000,Sweden,1904.38,87.68
2016,73262090,Sweden,1828.68,84.18
2016,9022000,Switzerland,1778.64,81.88
2016,11081100,Switzerland,1778.64,81.88
2016,9041200,Angola,48959.1,2253.88
2016,4090000,Netherlands,1292.56,59.5
2016,34012090,United States,1202.94,55.38
2016,11072000,Italy,1088.68,50.12
2016,11042200,Italy,1053.24,48.48
2016,9021000,Netherlands,1034.04,47.6
2016,11062000,Finland,932.12,42.92
2016,7102900,Djibouti,810.44,37.3
2016,19059090,Italy,784.56,36.12
2016,11029000,Finland,699.1,32.18
2016,33059000,United States,2659496.4,122432.76
2016,12099100,India,2250164.88,103588.74
2016,1061300,Djibouti,1512196.0,69615.56
2016,9041100,India,2296748.22,105733.24
2016,9011100,South Korea,36615758.86,1685645.44
2016,87164000,Djibouti,2570131.08,118318.72
2016,64059000,United Kingdom,6687182.28,307851.56
2016,61091000,United States,58996146.89,2715950.43
2016,26140000,China,8308742.54,382501.8
2016,1022910,Bahrain,16426136.52,756194.68
2016,7133300,Netherlands,53003673.18,2440080.54
2016,61091000,Belgium,1743906.9,80282.62
2016,41139000,India,2648619.82,121932.04
2016,19059020,Bulgaria,23432.64,1078.74
2016,4090000,Djibouti,1364932.78,62836.14
2016,7139000,Turkey,10732641.28,494088.56
2016,54076900,Kenya,11951907.96,550218.8
2016,15219020,Japan,13671350.36,629375.16
2016,12079910,Belgium,2784184.48,128172.9
2016,61051000,United States,17596625.3,810079.38
2016,41120000,Thailand,144899248.02,6670591.14
2016,20098090,Uganda,5084885.48,234088.12
2016,7139000,United Arab Emirates,16700511.06,768825.8
2016,61089100,Germany,26592226.78,1224201.48
2016,13019000,Yemen,1881037.4,86595.56
2016,42032900,Germany,17443094.12,803011.4
2016,9103000,Morocco,7001306.5,322312.6
2016,12074090,South Korea,63226014.72,2910676.92
2016,9011100,Turkey,6675276.42,307303.46
2016,12089000,Yemen,7727700.52,355752.92
2016,13012000,India,6289153.4,289527.88
2016,15219020,United States,6597175.2,303707.98
2016,73110000,Djibouti,3226456.2,148533.34
2016,12011000,United States,5046802.84,232334.94
2016,41079200,China,4899029.78,225532.06
2016,12072900,China,4424253.44,203675.22
2016,9011100,Swaziland,4114846.04,189431.32
2016,12011000,China,4008285.3,184525.68
2016,9011100,Kenya,3956444.2,182139.12
2016,17031000,Djibouti,89429844.52,4116998.08
2016,42050000,Japan,3448875.02,158772.62
2016,7133900,Egypt,2089854.04,96208.66
2016,12074090,Italy,3528458.5,162436.34
2016,12079910,Germany,1763579.84,81188.28
2016,9011100,Poland,9784478.6,450438.9
2016,52094200,Madagascar,5716263.64,263154.3
2016,12074090,Taiwan,19837171.64,913225.32
2016,40121100,China,1345374.84,61935.76
2016,7133300,Slovakia,1316906.68,60625.2
2016,33059000,Israel,1280760.34,58961.16
2016,52094200,Peru,6111232.04,281337.08
2016,9093100,United States,922076.26,42448.78
2016,39269090,Portugal,574496.48,26447.56
2016,9024000,United States,1137852.86,52382.26
2016,61112000,Germany,1001492.92,46104.78
2016,41131000,Romania,383697.76,17663.94
2016,41120000,South Korea,652918.82,30057.82
2016,11043090,South Africa,101688.9,4681.36
2016,5119990,South Africa,693975.6,31947.9
2016,61082900,United States,1034660.28,47631.68
2016,61178000,Israel,145695.26,6707.24
2016,2021000,Bahrain,5628459.44,259112.12
2016,26201900,Kenya,978808.46,45060.48
2016,62171000,United States,160350.62,7381.92
2016,9101100,South Africa,211923.46,9756.12
2016,55164100,United States,127530.22,5870.98
2016,62021900,Kenya,114835.04,5286.56
2016,11042900,Switzerland,142578.48,6563.76
2016,44071000,South Sudan,186592.46,8590.0
2016,9041200,Denmark,303779.58,13984.82
2016,62079100,Greece,686322.66,31595.6
2016,32082000,Somalia,854247.24,39326.18
2016,62079900,Germany,1064887.02,49023.2
2016,64061000,Uganda,360689.98,16604.74
2016,41131000,Philippines,9871369.74,454439.0
2016,9092100,Oman,847246.58,39003.9
2016,7135000,South Sudan,789171.88,36330.36
2016,12079990,Hungary,772770.04,35575.3
2016,22085000,South Sudan,758036.0,34897.0
2016,11061000,South Africa,2666451.46,122752.92
2016,64039900,Kenya,1129193.2,51983.6
2016,1061300,Sudan,1810582.62,83352.1
2016,35052000,Sudan,541605.32,24933.38
2016,12099100,United States,472768.62,21764.4
2016,71031000,Mexico,471623.38,21711.68
2016,2086000,Oman,220241.24,10139.04
2016,2099000,Oman,327150.56,15060.72
2016,19051000,Australia,259293.9,11936.88
2016,7132000,Switzerland,259233.6,11934.1
2016,9041200,Malta,246189.88,11333.62
2016,62149000,Canada,278515.52,12821.76
2016,39159000,Somalia,202400.02,9317.7
2016,9041200,United Arab Emirates,682654.54,31426.74
2016,7129090,Myanmar,324450.88,14936.44
2016,58050090,Israel,123135.96,5668.7
2016,61099000,Kenya,121873.76,5610.58
2016,4051000,Botswana,594059.1,27348.16
2016,73090000,Somalia,1436796.28,66144.44
2016,9011100,Djibouti,3522297.52,162152.72
2016,71031000,Hungary,36345.28,1673.2
2016,69111000,Australia,50344.97,2317.69
2016,19041000,United Kingdom,47033.38,2165.24
2016,61099000,South Africa,24621.76,1133.48
2016,11042200,Canada,145034.34,6676.8
2016,68062000,Israel,218928.94,10078.62
2016,57025000,United States,65942.72,3035.74
2016,41120000,Cambodia,33648.36,1549.04
2016,61022000,Kenya,40620.4,1870.0
2016,61044200,Denmark,100642.16,4633.16
2016,11043090,Canada,72103.1,3319.34
2016,39251000,Somalia,56167.28,2585.72
2016,44190010,Australia,67472.3,3106.16
2016,70131090,United States,75719.34,3485.82
2016,8101000,Malaysia,94916.34,4369.58
2016,10049000,Israel,93972.18,4326.1
2016,61091000,Kenya,84495.84,3889.86
2016,11061000,Denmark,84361.82,3883.68
2016,61051000,Kenya,80076.04,3686.38
2016,62149000,Israel,222454.94,10240.96
2016,19059020,Australia,101073.11,4653.0
2016,11081200,United States,79775.16,3672.54
2016,62069000,United States,4424853.64,203702.82
2016,64059000,Yemen,62127.06,2860.08
2016,72104100,South Sudan,140576.64,6471.6
2016,9083200,South Africa,53563.86,2465.86
2016,22072000,Somalia,76206.87,3508.26
2016,6031100,South Korea,29173.16,1343.02
2016,75089000,Spain,46295.12,2131.24
2016,7081000,South Africa,44094.7,2029.94
2016,41120000,Kenya,43637.2,2008.88
2016,9012100,Denmark,41537.46,1912.22
2016,58063100,United States,138446.54,6373.54
2016,19041000,Denmark,39467.52,1816.92
2016,62044200,Sweden,39184.6,1803.9
2016,10041000,Canada,34664.96,1595.84
2016,8051000,Somalia,588298.66,27082.96
2016,71031000,Japan,32836.24,1511.66
2016,19049000,United States,32498.4,1496.1
2016,5069000,Netherlands,32451.14,1493.92
2016,40111000,South Africa,32404.2,1491.76
2016,39241090,Sweden,31460.5,1448.32
2016,63023100,United States,28208.6,1298.62
2016,62121000,Canada,27403.5,1261.54
2016,6031900,China,371168.2,17087.12
2016,13021300,Burundi,26531.4,1221.4
2016,70133300,South Africa,25923.36,1193.4
2016,30023000,Uganda,333929.28,15372.78
2016,9083100,Switzerland,23763.08,1093.96
2016,11062000,United Kingdom,53127.56,2445.8
2016,11043090,Norway,19300.24,888.52
2016,44190010,Israel,50590.46,2328.98
2016,11061000,Malta,15129.46,696.5
2016,11042200,Australia,9749.52,448.82
2016,9019000,Canada,10172.0,468.28
2016,96062900,Italy,34686.62,1596.84
2016,71171910,United Kingdom,7794.28,358.82
2016,11042900,Sweden,13882.44,639.1
2016,94016900,Germany,22870.24,1052.86
2016,12075000,Israel,22682.94,1044.24
2016,63024010,Israel,13909.68,640.34
2016,7132000,Norway,21385.3,984.5
2016,11042200,Switzerland,18362.38,845.34
2016,11062000,Malta,17550.1,807.94
2016,57050000,Denmark,17267.04,794.9
2016,8111000,Nigeria,16398.94,754.94
2016,62071100,Israel,15922.68,733.02
2016,63022100,Israel,15576.54,717.08
2016,49019900,Turkey,15400.0,708.96
2016,11042900,Norway,17698.26,814.76
2016,62042900,Malaysia,14996.88,690.4
2016,11010000,Canada,14616.9,672.9
2016,69120010,Denmark,14282.3,657.5
2016,44201010,Germany,14194.98,653.48
2016,9093200,United States,59233.86,2726.9
2016,11032000,Norway,13875.02,638.76
2016,68141000,Australia,13857.3,637.94
2016,39269090,Turkey,13200.0,607.68
2016,52064200,South Korea,18632.84,857.78
2016,9024000,Australia,12184.72,560.94
2016,71031000,Poland,12115.08,557.74
2016,7129090,New Zealand,11601.92,534.1
2016,19019010,United States,11297.06,520.08
2016,12119000,United States,11150.04,513.3
2016,6042000,Turkey,10750.0,494.88
2016,19054000,Australia,10463.52,481.7
2016,9012100,Turkey,93508.94,4304.78
2016,75089000,France,86042.54,3961.06
2016,11042900,Canada,9358.24,430.82
2016,49090000,Canada,8657.56,398.56
2016,13021300,United States,74107.76,3411.62
2016,19042000,United States,7672.88,353.22
2016,19019010,Norway,7001.8,322.34
2016,63052000,Israel,6884.88,316.96
2016,49090000,Israel,6480.84,298.36
2016,57025000,Canada,6374.02,293.44
2016,70131090,Australia,6345.84,292.14
2016,75089000,United Kingdom,6264.8,288.4
2016,11043090,France,5901.8,271.7
2016,9103000,Switzerland,5616.72,258.58
2016,7129090,Turkey,23929.4,1101.62
2016,94036000,Turkey,4400.0,202.56
2016,7051100,United Arab Emirates,586.74,27.02
2016,96019000,Italy,4736.1,218.04
2016,82052000,United Kingdom,864.1,39.78
2016,58050010,Djibouti,3201.84,147.4
2016,46021990,United Kingdom,2333.1,107.4
2016,9103000,United States,1622.54,74.7
2016,7095100,Djibouti,1509.96,69.5
2016,12101000,Norway,6582.94,303.06
2016,92060010,Denmark,5426.78,249.82
2016,69119000,Canada,5295.06,243.76
2016,73269090,South Africa,5184.66,238.68
2016,12040000,Canada,8280.8,381.22
2016,57050000,Israel,11384.16,524.09
2016,8055000,Sudan,3997.3,184.02
2016,70181010,Germany,3706.34,170.62
2016,46021910,Israel,3466.48,159.58
2016,46021110,Canada,3428.36,157.82
2016,62041200,Canada,3427.48,157.78
2016,19041000,Finland,3421.86,157.52
2016,7070000,Somalia,33659.28,1549.54
2016,42021110,Canada,3086.04,142.06
2016,44151000,Turkey,3000.0,138.1
2016,12059000,Canada,2792.26,128.54
2016,71179010,Israel,2676.18,123.2
2016,92059000,Israel,2487.9,114.54
2016,97011000,United Kingdom,2592.32,119.34
2016,46021210,Sweden,28899.38,1330.42
2016,44190090,United States,2307.8,106.24
2016,83062910,Djibouti,2271.56,104.58
2016,12060000,Canada,2159.62,99.42
2016,44201010,Djibouti,1882.14,86.64
2016,12030000,Canada,1773.98,81.66
2016,68069000,Sweden,7058.22,324.92
2016,66020090,United Kingdom,1468.98,67.62
2016,12101000,Switzerland,1373.92,63.24
2016,82011000,United Kingdom,1296.16,59.68
2016,73239400,Canada,1116.2,51.38
2016,7081000,United States,1081.7,49.8
2016,6021000,Tanzania,91983.1,4234.54
2016,9109900,Denmark,1060.68,48.82
2016,96019000,Germany,946.24,43.56
2016,46029000,Turkey,920.0,42.36
2016,52083200,Djibouti,908.62,41.82
2016,71179090,Canada,24672.53,1135.82
2016,19041000,Turkey,800.0,36.82
2016,83061010,Germany,788.34,36.3
2016,82159900,United Kingdom,561.66,25.86
2016,21039000,United States,540.84,24.9
2016,44190010,Germany,10962.44,504.68
2016,63023100,Germany,2627478.0,120958.74
2016,5040000,Egypt,1173106.8,54005.22
2016,12011000,Sudan,4416930.28,203338.08
2016,12019000,United States,6417333.46,295428.78
2016,9011100,Estonia,11012665.94,506979.78
2016,9011100,Denmark,17848541.14,821676.6
2016,42032100,Germany,20717051.04,953731.52
2016,13019000,Turkey,3762492.84,173210.36
2016,64039900,Spain,3370207.72,155151.1
2016,41139000,Viet Nam,2005376.8,92319.66
2016,61029000,Germany,3071194.26,141385.7
2016,62082100,Germany,59555208.14,2741687.4
2016,41120000,Sri Lanka,4625448.2,212937.44
2016,61033200,Italy,3841857.14,176863.98
2016,8111000,United Arab Emirates,9639916.12,443783.78
2016,62046900,Germany,3940644.04,181411.76
2016,69029000,Turkey,500.0,23.02
2016,62043900,Germany,7485936.08,344623.02
2016,61152900,France,6532776.78,300743.34
2016,7132000,Iraq,12036284.5,554103.18
2016,63022100,Germany,42685763.42,1965084.56
2016,12060000,India,1825311.6,84030.16
2016,90329000,China,2389662.0,110010.64
2016,44042000,Germany,472.9,21.78
2016,75089000,Germany,394.16,18.14
2016,69120010,Djibouti,389.4,17.92
2016,69120090,Turkey,300.0,13.82
2016,21033000,Switzerland,269.16,12.4
2016,73239990,Germany,236.24,10.88
2016,12079990,Viet Nam,19493605.72,897408.88
2016,12072900,Saudi Arabia,11094152.28,510731.12
2016,9103000,Egypt,8991977.72,413955.26
2016,52052300,Turkey,6455180.18,297171.1
2016,61033100,Italy,5695714.64,262208.28
2016,12074090,United Kingdom,6193536.32,285126.04
2016,62019300,Germany,4024101.5,185253.8
2016,12011000,United Arab Emirates,4019751.12,185053.52
2016,82011000,South Sudan,3549565.3,163408.02
2016,62034300,United States,1883713.6,86718.76
2016,85171200,Cameroon,2536677.76,116778.66
2016,1022910,United Arab Emirates,59240862.5,2727216.18
2016,22041000,China,2311020.38,106390.28
2016,71162010,United Arab Emirates,2259316.8,104010.06
2016,12074090,South Africa,2149087.72,98935.54
2016,12074090,India,37217893.44,1713365.36
2016,12079910,Indonesia,1147037.76,52805.1
2016,14049000,Canada,8714.68,401.18
2016,38244000,Sudan,7882.42,362.88
2016,12074090,Hong Kong,20386545.9,938516.34
2016,90158000,China,836270.46,38498.6
2016,12079910,Greece,969768.28,44644.32
2016,22030000,Netherlands,531851.86,24484.36
2016,5119990,Czech Republic,366704.48,16881.64
2016,85367000,Kenya,238835.86,10995.06
2016,7129090,Romania,158393.51,7291.8
2016,61072900,Germany,486886.2,22414.32
2016,22030000,Switzerland,1103746.5,50812.14
2016,26159000,Japan,1128797.24,51965.38
2016,24022000,South Sudan,958614.8,44130.86
2016,12099900,Netherlands,581257.54,26758.8
2016,71171910,United States,1367374.96,62948.56
2016,54023300,Egypt,1091852.22,50264.58
2016,41139000,Cambodia,1086357.2,50011.6
2016,7129090,United Arab Emirates,1484983.58,68362.78
2016,62045900,Germany,934841.6,43036.42
2016,10049000,New Zealand,24184.06,1113.34
2016,61019000,Germany,829269.42,38176.3
2016,52053200,Czech Republic,749436.16,34501.1
2016,62032900,Somalia,708067.84,32596.66
2016,33059000,Germany,693711.84,31935.76
2016,2042100,Kuwait,639297.92,29430.76
2016,64059000,Somalia,553542.34,25482.92
2016,62149000,Finland,278757.06,12832.87
2016,9011100,Argentina,515603.98,23736.38
2016,54023300,Greece,504253.3,23213.84
2016,7133300,Ireland,1624463.84,74783.92
2016,71179010,Saudi Arabia,2011084.5,92582.42
2016,41071200,India,361523.7,16643.12
2016,85171200,Benin,328508.56,15123.24
2016,39259000,Norway,21962.26,1011.06
2016,48026900,Somalia,236472.84,10886.28
2016,48192000,Djibouti,217867.0,10029.74
2016,8101000,Angola,196080.9,9026.8
2016,62149000,Italy,186941.44,8606.04
2016,90273000,China,175761.8,8091.38
2016,7133100,Djibouti,174879.8,8050.78
2016,2021000,Morocco,172387.16,7936.02
2016,63019000,United States,170447.88,7846.74
2016,2074500,Oman,163400.24,7522.3
2016,9012100,China,162822.6,7495.72
2016,85444900,Kenya,152698.32,7029.62
2016,61043900,United Kingdom,144411.18,6648.12
2016,7108000,United Kingdom,143392.48,6601.22
2016,94049000,Norway,138600.38,6380.62
2016,11042900,Israel,130459.18,6005.82
2016,9092100,Pakistan,3160017.72,145474.78
2016,2021000,Oman,2905636.3,133764.06
2016,11062000,Angola,76928.82,3541.5
2016,11061000,Switzerland,208670.1,9606.36
2016,9041200,Swaziland,51827.98,2385.96
2016,71031000,Russia,34803.04,1602.2
2016,13019000,Canada,10239.74,471.4
2016,7129090,Lao People's Democratic Republic,23296.28,1072.46
2016,58021100,Greece,123390.68,5680.42
2016,52081900,Israel,21821.7,1004.58
2016,16023900,United States,338716.34,15593.16
2016,11071000,Australia,32680.04,1504.46
2016,94016900,Thailand,45765.98,2106.88
2016,48183000,United States,18248.32,840.08
2016,44190010,Thailand,11528.5,530.72
2016,44219090,Australia,65882.98,3033.0
2016,9109900,Sweden,67775.01,3120.1
2016,20054000,Canada,126635.18,5829.78
2016,57022000,Finland,134948.04,6212.46
2016,8101000,Niger,107671.88,4956.78
2016,6021000,Saudi Arabia,96215.28,4429.38
2016,84439910,United Kingdom,95595.0,4400.82
2016,7129090,Ivory Coast,28744.32,1323.28
2016,9019000,Germany,76469.18,3520.34
2016,20060000,Canada,76253.44,3510.4
2016,7092000,Djibouti,61564.25,2834.17
2016,46021290,United States,58824.08,2708.02
2016,61171000,United Kingdom,58728.68,2703.64
2016,69120010,Germany,58656.72,2700.32
2016,46021910,Australia,66337.38,3053.92
2016,11029000,Angola,44815.24,2063.12
2016,6021000,Cyprus,43010.42,1980.04
2016,62149000,Sweden,41601.9,1915.18
2016,94036000,Kenya,40588.36,1868.52
2016,46029000,Djibouti,36496.64,1680.16
2016,7129090,Seychelles,36192.5,1666.16
2016,62044400,Canada,34858.72,1604.76
2016,6031100,Russia,577982.04,26608.02
2016,46029000,Germany,51741.1,2381.96
2016,7051900,United Arab Emirates,1049619.84,48320.36
2016,7129090,Thailand,84354.24,3883.34
2016,19059020,Ghana,17566.44,808.68
2016,69141000,Canada,16013.22,737.18
2016,33049900,Canada,14329.1,659.66
2016,9022000,Malaysia,14138.72,650.9
2016,94036000,Canada,13289.88,611.82
2016,11041200,Canada,13072.02,601.78
2016,11042900,Australia,13072.02,601.78
2016,9061900,United Arab Emirates,109975.16,5062.82
2016,49011000,Canada,11177.76,514.58
2016,21069030,Germany,9819.76,452.06
2016,44201010,United Arab Emirates,9150.4,421.24
2016,87163100,Somalia,131318.6,6045.4
2016,73269090,Canada,7723.38,355.56
2016,73269090,Thailand,4132.86,190.26
2016,63029900,Spain,10263112.32,472473.3
2016,7069010,Oman,1722.74,79.3
2016,34012090,Canada,2178.66,100.3
2016,9109900,United Kingdom,22627.1,1041.66
2016,44160000,United Arab Emirates,6971.74,320.96
2016,94036000,United Arab Emirates,6884.58,316.94
2016,44201010,Thailand,6786.58,312.42
2016,7129090,Austria,6462.94,297.52
2016,33053000,Canada,5915.08,272.3
2016,52094200,United Arab Emirates,5882.4,270.8
2016,12040000,United States,5520.52,254.14
2016,9072000,Canada,5228.8,240.72
2016,33043000,Canada,5185.22,238.7
2016,39269090,Canada,5141.64,236.7
2016,69119000,Australia,4705.92,216.64
2016,41131000,Japan,19616.88,903.1
2016,44190010,United Arab Emirates,3355.14,154.46
2016,92060010,Thailand,3045.26,140.2
2016,73262090,Australia,2832.26,130.38
2016,92029000,Thailand,2827.74,130.18
2016,9062000,Canada,2723.32,125.38
2016,21069090,Canada,2549.04,117.34
2016,9024000,Canada,2509.82,115.54
2016,35069900,Sudan,2505.12,115.32
2016,7133900,Canada,2178.66,100.3
2016,52094200,Turkey,5929.81,272.98
2016,14049000,United States,2178.66,100.3
2016,7099900,Canada,2178.66,100.3
2016,94034000,Thailand,2088.18,96.14
2016,69139090,Australia,1986.94,91.48
2016,13021300,Sweden,868.27,39.97
2016,42050000,Thailand,1696.64,78.1
2016,82159900,Thailand,1566.12,72.1
2016,58019000,United States,1348.6,62.08
2016,12051000,United States,1173.1,54.0
2016,94018000,United Arab Emirates,871.46,40.12
2016,97030000,United Arab Emirates,871.46,40.12
2016,75089000,Thailand,870.06,40.06
2016,52094200,Bangladesh,784.32,36.1
2016,34060000,Canada,697.16,32.1
2016,66011000,Canada,697.16,32.1
2016,92060010,United Arab Emirates,653.6,30.08
2016,85232900,Canada,631.8,29.08
2016,22089000,United States,496.72,22.86
2016,41120000,Hong Kong,238583618.96,10983450.92
2016,95049000,United Arab Emirates,348.58,16.04
2016,7051100,Saudi Arabia,316.32,14.56
2016,49111000,Canada,217.86,10.02
2016,97011000,Thailand,217.52,10.02
2016,7133100,Malaysia,78291129.62,3604215.52
2016,6021000,Colombia,4889.22,225.08
2016,85171200,Tonga,6227745.74,286700.9
2016,63029900,Slovenia,8517043.76,392091.18
2016,7133900,Viet Nam,17120756.18,788172.24
2016,13019000,Saudi Arabia,3606438.0,166026.22
2016,22030000,Italy,558014.3,25688.78
2016,61059000,Italy,4264736.98,196331.7
2016,79039000,Taiwan,1008966.52,46448.84
2016,7133100,Pakistan,2832693.12,130406.04
2016,1042000,Djibouti,2297690.5,105776.62
2016,7133100,Philippines,1790294.84,82418.12
2016,20021000,Israel,974301.76,44853.02
2016,61109000,Germany,5977797.7,275194.28
2016,58021100,Netherlands,9982588.04,459559.06
2016,85481000,South Korea,565432.58,26030.3
2016,61043100,Germany,6371903.9,293337.38
2016,73072900,United Arab Emirates,3551756.42,163508.88
2016,12074090,Swaziland,4675684.16,215250.1
2016,52094200,Guatemala,4670498.5,215011.38
2016,7129090,Israel,17017792.46,783432.2
2016,1022910,Qatar,11442088.64,526748.74
2016,63029900,Netherlands,3460638.8,159314.2
2016,81032000,China,3432542.64,158020.76
2016,63026000,Slovenia,3311906.58,152467.14
2016,8111000,Saudi Arabia,2719546.76,125197.22
2016,9011100,Georgia,2487770.68,114527.18
2016,61069000,Italy,2434000.12,112051.78
2016,64039900,Italy,2385689.94,109827.78
2016,9011100,Chile,2158749.96,99380.36
2016,9011100,Romania,1897311.76,87344.76
2016,61033100,Germany,4728146.14,217665.24
2016,54075100,Sudan,1769158.82,81445.1
2016,58021100,Spain,1682219.34,77442.76
2016,12074090,Oman,1630768.48,75074.16
2016,63041900,China,1606674.68,73964.98
2016,55032000,Turkey,1491781.7,68675.76
2016,52101900,Turkey,1408975.42,64863.68
2016,64039100,Canada,1380688.22,63561.46
2016,54021900,Algeria,1261622.06,58080.12
2016,38151100,Germany,902813.34,41561.98
2016,79020000,India,891773.76,41053.76
2016,61033900,Norway,752405.02,34637.76
2016,12099900,Israel,710833.82,32724.0
2016,2021000,Bosnia and Herzegovina,635265.84,29245.14
2016,60069000,United States,619660.16,28526.72
2016,71031000,Italy,598668.7,27560.36
2016,12019000,South Korea,24711321.86,1137612.02
2016,2021000,Kuwait,1238313.48,57007.08
2016,64051000,Japan,9494368.46,437083.36
2016,94036000,Netherlands,95195.34,4382.42
2016,64029100,Sudan,274057.48,12616.52
2016,62033900,Georgia,226068.32,10407.3
2016,62149000,Norway,80356.48,3699.3
2016,9041100,Denmark,35699.8,1643.48
2016,57019000,Sweden,65571.6,3018.66
2016,64041100,Sudan,346671.42,15959.38
2016,61091000,United Arab Emirates,274318.78,12628.56
2016,2045000,Kuwait,346018.18,15929.32
2016,62171000,Israel,340265.4,15664.48
2016,33059000,Sweden,340176.7,15660.4
2016,1059910,Somalia,465021.12,21407.74
2016,84378000,Israel,68064.77,3133.44
2016,42022110,Spain,271623.74,12504.48
2016,41062100,Netherlands,268778.0,12373.48
2016,2021000,Qatar,1061512.98,48867.88
2016,9062000,Djibouti,221500.86,10197.02
2016,7019000,Sudan,219338.5,10097.48
2016,38244000,Djibouti,215327.54,9912.84
2016,7129090,Taiwan,170340.22,7841.8
2016,63024090,Germany,171084.42,7876.06
2016,2042100,Oman,169135.38,7786.32
2016,12119000,Hong Kong,164352.04,7566.12
2016,64019200,United States,139068.64,6402.18
2016,2042100,Gabon,129717.2,5971.66
2016,42023220,United Kingdom,129548.4,5963.9
2016,9102000,Kenya,127034.04,5848.14
2016,62044200,Spain,117458.84,5407.34
2016,2041000,United Arab Emirates,113856.6,5241.5
2016,2045000,Bosnia and Herzegovina,111579.46,5136.68
2016,62044300,Germany,110139.62,5070.4
2016,2042100,Qatar,104219.5,4797.86
2016,41131000,South Africa,30761.08,1416.12
2016,7070000,United Arab Emirates,58686.52,2701.7
2016,52092900,Turkey,79840.28,3675.54
2016,68101100,South Sudan,78030.2,3592.2
2016,94016900,Switzerland,72288.52,3327.88
2016,42022110,Italy,70120.02,3228.04
2016,63052000,United Kingdom,63684.56,2931.78
2016,7104000,Saudi Arabia,56418.38,2597.28
2016,53031000,Ivory Coast,176202.24,8111.66
2016,42032900,Hong Kong,49667.74,2286.5
2016,7129090,Dominican Republic,48333.0,2225.06
2016,62044900,Sweden,44789.02,2061.92
2016,8101000,Bahrain,1001629.14,46111.06
2016,32099000,South Sudan,34971.52,1609.96
2016,6031100,Kenya,135742.34,6249.04
2016,49011000,Israel,346382.64,15946.1
2016,4090000,United States,10528.26,484.68
2016,7095900,United States,9437.82,434.48
2016,6031900,Kenya,42157.74,1940.78
2016,46029000,Sweden,30600.08,1408.7
2016,73083000,South Sudan,30093.3,1385.38
2016,9062000,Somalia,26850.02,1236.06
2016,7104000,United Arab Emirates,25599.14,1178.48
2016,57019000,Germany,24825.1,1142.84
2016,9109100,South Africa,23605.76,1086.72
2016,64051000,Belgium,22780.9,1048.74
2016,7149000,United States,22771.32,1048.3
2016,10089090,United States,21906.0,1008.46
2016,41132000,Italy,21382.34,984.36
2016,94032000,Sweden,20982.9,965.98
2016,7119000,United Arab Emirates,20284.34,933.82
2016,39189090,United States,19705.94,907.18
2016,6021000,India,19524.28,898.82
2016,97030000,Australia,18598.18,856.18
2016,61112000,Russia,2623.48,120.78
2016,6021000,Thailand,13627.58,627.36
2016,64051000,Netherlands,12786.96,588.66
2016,73170000,South Sudan,12698.64,584.6
2016,19059090,Sweden,12524.16,576.56
2016,64069090,Germany,1559608.04,71798.22
2016,71039100,United Kingdom,23137.5,1065.16
2016,39233010,Kenya,8773.56,403.9
2016,20079900,Germany,8773.56,403.9
2016,39173900,South Sudan,8773.56,403.9
2016,21069020,Egypt,8773.56,403.9
2016,39232990,Germany,8773.56,403.9
2016,71031000,Sweden,8742.88,402.48
2016,64051000,Norway,8539.22,393.12
2016,21069090,United States,8407.86,387.06
2016,64059000,Sweden,7896.2,363.5
2016,19059020,Lebanon,6591.66,303.46
2016,30041000,Somalia,18722.98,861.94
2016,12101000,Sweden,6120.0,281.74
2016,76169900,Australia,5951.1,273.96
2016,9012200,Finland,5556.72,255.8
2016,10039000,Turkey,5342.5,245.94
2016,63019000,Germany,3509.42,161.56
2016,39235000,Kenya,2193.38,100.98
2016,96019000,United States,2121.48,97.66
2016,13021300,South Africa,1967.14,90.56
2016,50010000,Djibouti,1606.5,73.96
2016,85041000,Germany,1316.02,60.58
2016,75089000,Australia,21535.64,991.41
2016,22089000,Italy,983.56,45.28
2016,12051000,Sudan,29900.76,1376.52
2016,61149000,United States,5113920.86,235424.78
2016,62043900,Spain,2766736.62,127369.66
2016,62046300,Switzerland,3912158.16,180100.36
2016,62089100,Germany,2291704.38,105501.06
2016,4070090,Somalia,2207355.92,101617.98
2016,61109000,Spain,9011216.02,414840.92
2016,7133300,Indonesia,11651428.8,536385.92
2016,84484900,China,794415.6,36571.76
2016,1042000,Oman,1906156.08,87751.92
2016,85232900,Hong Kong,879902.24,40507.24
2016,61033300,Spain,2208751.1,101682.22
2016,52111900,Turkey,22896137.4,1054048.06
2016,62029900,Spain,520829.68,23976.94
2016,9109900,Ukraine,8796929.42,404976.02
2016,61109000,South Korea,479897.62,22092.6
2016,62034100,United Kingdom,5446170.82,250720.28
2016,26159000,India,4642414.3,213718.48
2016,62160000,China,4617896.46,212589.78
2016,61043100,Spain,2928774.08,134829.22
2016,26151000,China,3463864.2,159462.68
2016,30023000,Angola,7799227.38,359045.72
2016,62033900,Spain,2580873.86,118813.28
2016,13019000,India,2381302.8,109625.8
2016,61033900,Germany,2367060.64,108970.16
2016,52053400,China,3861378.2,177762.66
2016,12074010,Turkey,2282798.62,105091.06
2016,12079990,Algeria,2177360.74,100237.12
2016,41120000,India,99832485.26,4595894.76
2016,41120000,United States,1575488.14,72529.28
2016,61101900,Spain,1552487.7,71470.42
2016,30023000,Burkina Faso,1423877.96,65549.74
2016,54023300,Morocco,1299593.54,59828.18
2016,68022900,China,1258896.3,57954.64
2016,12079990,Portugal,1131336.84,52082.3
2016,12079990,Ireland,1049952.6,48335.68
2016,12079990,Singapore,6166774.36,283894.02
2016,22011000,Djibouti,837878.7,38572.64
2016,7129090,Saudi Arabia,951937.2,43823.44
2016,8109000,Saudi Arabia,781468.4,35975.72
2016,9011200,Belgium,775806.84,35715.1
2016,94036000,India,547350.06,25197.84
2016,64051000,United Arab Emirates,7084555.29,326145.04
2016,28332200,Sudan,507127.66,23346.16
2016,22060000,South Sudan,485080.2,22331.18
2016,42029220,South Korea,464406.08,21379.42
2016,62044300,United States,464425.76,21380.34
2016,85079010,South Korea,1081510.4,49788.48
2016,85143000,Kenya,441718.0,20334.96
2016,22030000,Germany,424129.66,19525.26
2016,69111000,Germany,53440.48,2460.18
2016,62019300,Spain,188834.44,8693.2
2016,61033200,Spain,394302.66,18152.14
2016,22085000,Kenya,382908.32,17627.6
2016,71179010,Australia,338293.48,15573.7
2016,25151100,Greece,333936.14,15373.1
2016,41071900,Zimbabwe,330160.5,15199.3
2016,94037000,New Zealand,301030.8,13858.28
2016,22087000,Kenya,296846.62,13665.66
2016,9012200,South Africa,271600.24,12503.4
2016,8042000,Djibouti,69374.14,3193.71
2016,1062000,China,180950.22,8330.24
2016,33059000,United Arab Emirates,175482.5,8078.52
2016,62071900,Israel,167930.62,7730.86
2016,69120010,New Zealand,161028.28,7413.1
2016,9041200,New Zealand,142233.18,6547.86
2016,42021190,Canada,127326.06,5861.6
2016,33059000,New Zealand,126280.54,5813.46
2016,46021910,India,121790.22,5606.74
2016,73142000,South Sudan,116216.48,5350.14
2016,46021210,New Zealand,113430.96,5221.92
2016,9102000,Sudan,108570.12,4998.14
2016,69120010,India,108481.52,4994.06
2016,64051000,Uganda,97640.9,4495.0
2016,90189000,Guinea,97398.8,4483.86
2016,62114900,India,80487.44,3705.32
2016,10039000,New Zealand,80392.66,3700.96
2016,62044200,Norway,77947.76,3588.4
2016,62071100,Italy,74757.14,3441.52
2016,33074100,Israel,66147.3,3045.16
2016,63052000,Australia,64941.38,2989.64
2016,9109900,New Zealand,63208.06,2909.86
2016,73211900,New Zealand,59300.64,2729.96
2016,19059020,Syria,29104.8,1339.88
2016,9022000,Moldova,58237.86,2681.04
2016,74199100,India,42361.8,1950.18
2016,9011100,Lao People's Democratic Republic,42075.38,1936.98
2016,13012000,United Kingdom,39427.76,1815.1
2016,11061000,New Zealand,39423.32,1814.9
2016,61082100,Italy,37684.42,1734.84
2016,19059020,Slovenia,35278.56,1624.08
2016,94032000,United Kingdom,34789.2,1601.56
2016,44201010,France,31952.98,1470.98
2016,4051000,New Zealand,30579.24,1407.74
2016,13012000,Israel,29766.28,1370.32
2016,12101000,United Kingdom,29570.82,1361.32
2016,71179090,United States,28663.82,1319.56
2016,9021000,Germany,24446.7,1125.42
2016,12102000,United Kingdom,24352.44,1121.1
2016,9012100,Czech Republic,124508.32,5731.88
2016,42022110,United Arab Emirates,21438.18,986.92
2016,42050000,India,10590.44,487.54
2016,94036000,New Zealand,20319.02,935.4
2016,69139010,Norway,19777.48,910.48
2016,6031100,Kazakstan,19765.58,909.92
2016,9019000,Seychelles,19072.44,878.02
2016,33019010,Swaziland,18653.52,858.74
2016,69120090,New Zealand,16166.86,744.26
2016,46019400,France,16114.3,741.84
2016,62149000,Denmark,14814.2,681.98
2016,39249000,India,14120.58,650.06
2016,94016900,France,14017.02,645.28
2016,2021000,Liberia,12118.18,557.88
2016,7129090,Kenya,17751.62,817.21
2016,7020000,Sudan,5993.79,275.93
2016,7129090,Sudan,11816.92,544.0
2016,21033000,United States,41114.36,1892.74
2016,39269010,India,10590.44,487.54
2016,94051000,India,10590.44,487.54
2016,74199900,United States,10314.56,474.84
2016,67049000,Swaziland,9922.08,456.78
2016,71031000,Switzerland,9566.88,440.42
2016,62043900,United States,19002.0,874.78
2016,42022190,Kenya,8826.84,406.36
2016,85167100,India,8472.36,390.04
2016,92060010,France,8277.78,381.08
2016,70139100,India,8119.32,373.78
2016,39231000,Germany,7967.22,366.78
2016,11061000,Swaziland,7937.66,365.42
2016,92021000,India,7589.82,349.4
2016,9109100,Nigeria,6883.14,316.88
2016,92029000,France,6622.22,304.86
2016,82119100,France,5628.8,259.12
2016,73043900,Norway,5602.6,257.92
2016,33029090,India,5295.2,243.78
2016,5079000,India,5295.2,243.78
2016,52114200,India,5285.52,243.32
2016,97019000,France,4966.66,228.64
2016,52114200,Bangladesh,4791.36,220.58
2016,11062000,New Zealand,4461.34,205.38
2016,44190010,France,4304.54,198.16
2016,49119190,India,4236.18,195.02
2016,7070000,Nigeria,4235.48,194.98
2016,17029000,France,4103.31,188.9
2016,63052000,Canada,3869.46,178.14
2016,9021000,Finland,3813.18,175.54
2016,11061000,Nigeria,3716.96,171.12
2016,69120010,Swaziland,3175.06,146.16
2016,9083200,Australia,20108.55,925.73
2016,21033000,New Zealand,2862.32,131.76
2016,61033200,Swaziland,2778.18,127.9
2016,44042000,United States,2698.42,124.22
2016,62149000,Swaziland,2645.88,121.8
2016,44219010,India,2118.08,97.5
2016,96019000,France,1820.74,83.82
2016,8059000,Saudi Arabia,1764.78,81.24
2016,90283000,Poland,1764.78,81.24
2016,9022000,United Kingdom,1656.44,76.26
2016,72241000,Swaziland,1547.84,71.26
2016,95030090,United States,1433.18,65.98
2016,9102000,New Zealand,1193.08,54.92
2016,42021290,Canada,1102.98,50.78
2016,73269090,France,827.76,38.1
2016,70139900,France,827.76,38.1
2016,7102900,Netherlands,537.82,24.76
2016,9109900,Swaziland,529.16,24.36
2016,64051000,Taiwan,2782584.1,128099.22
2016,44190010,Swaziland,414.52,19.08
2016,7070000,Congo,243.82,11.22
2016,73239990,France,220.4,10.14
2016,61023000,Germany,16996885.94,782469.74
2016,61043200,Austria,16160144.04,743949.44
2016,62082900,Germany,13733974.62,632258.14
2016,52081200,Turkey,6153188.4,283268.58
2016,63029900,Kenya,5786267.06,266376.96
2016,7133100,Viet Nam,5676257.66,261312.56
2016,7133100,United Arab Emirates,4947250.32,227751.94
2016,61152900,United States,4628072.88,213058.26
2016,60069000,Turkey,4523460.64,208242.32
2016,9011100,Egypt,4353301.0,200408.84
2016,12019000,Nepal,4285074.64,197267.98
2016,61121900,United States,3797830.16,174837.16
2016,12081000,India,3131893.06,144180.04
2016,5119990,Austria,3125410.26,143881.58
2016,61102000,Spain,3102039.42,142805.68
2016,85177000,Togo,2890621.8,133072.86
2016,7133300,Guatemala,2381051.9,109614.26
2016,7132000,Sri Lanka,2340634.56,107753.6
2016,7133900,Thailand,2168988.02,99851.68
2016,61033900,United States,2032304.22,93559.28
2016,63029900,United States,1886983.62,86869.3
2016,61091000,Canada,1882062.96,86642.78
2016,63029900,Norway,1865713.44,85890.1
2016,63029900,Greece,1763595.32,81188.98
2016,21069050,Somalia,1754165.58,80754.88
2016,61043200,Germany,1686789.24,77653.14
2016,61119000,France,1611426.84,74183.76
2016,7039000,Nigeria,631.09,29.06
2016,11062000,Netherlands,87240.56,4016.2
2016,41131000,China,424731222.66,19552954.04
2016,94018000,Netherlands,335062.98,15424.98
2016,41120000,Zimbabwe,482977.52,22234.38
2016,61059000,Canada,585653.36,26961.18
2016,9101200,Australia,77427.34,3564.46
2016,44151000,South Korea,66523.1,3062.46
2016,61034900,United Kingdom,565898.24,26051.72
2016,85171200,Kenya,163766967.46,7539186.7
2016,1042000,Kuwait,1357392.96,62489.04
2016,85166090,United Kingdom,1090787.88,50215.58
2016,41120000,Portugal,1040772.92,47913.08
2016,61043900,Germany,932727.46,42939.1
2016,61043300,Spain,762819.58,35117.22
2016,1041000,Kuwait,661068.0,30432.96
2016,61103000,Spain,629684.58,28988.2
2016,34012020,United States,596182.62,27445.9
2016,42031000,Japan,5092056.08,234418.2
2016,41120000,Romania,23101160.14,1063486.5
2016,22042100,Djibouti,565210.04,26020.04
2016,8044000,Netherlands,518922.0,23889.12
2016,71031000,United Arab Emirates,1370931.48,63112.32
2016,9092100,India,429018.6,19750.32
2016,23064100,Kenya,369381.92,17004.88
2016,62069000,Canada,346591.22,15955.7
2016,64039100,United Kingdom,332442.06,15304.32
2016,4090000,Japan,318403.68,14658.06
2016,9083200,Israel,283713.28,13061.04
2016,85444900,Djibouti,281445.94,12956.66
2016,7039000,United Arab Emirates,276335.44,12721.4
2016,61033100,Spain,257660.86,11861.7
2016,9012100,United Arab Emirates,253839.34,11685.76
2016,64039100,Netherlands,218756.42,10070.68
2016,62046900,United Arab Emirates,212519.04,9783.54
2016,62045900,United States,203475.6,9367.22
2016,61130000,Germany,180926.94,8329.16
2016,4090000,Sweden,155392.1,7153.64
2016,64039100,Germany,142475.16,6559.0
2016,61046300,Germany,140766.74,6480.34
2016,22087000,Israel,109717.24,5050.94
2016,42022110,Sweden,572550.4,26357.98
2016,94036000,Australia,75215.14,3462.6
2016,11042900,South Africa,74402.8,3425.22
2016,63021090,Israel,64701.58,2978.6
2016,57024200,France,63550.64,2925.62
2016,73221900,United Arab Emirates,63214.86,2910.16
2016,42032900,South Korea,1382986.98,63667.28
2016,85166000,United Kingdom,31812.66,1464.52
2016,97019000,Australia,5549.42,255.48
2016,62046100,Germany,747.46,34.42
2016,9061100,United States,21923.74,1009.28
2016,7139000,Saudi Arabia,20927.21,963.41
2016,42022110,Australia,248747.84,11451.38
2016,41131000,Kenya,17001.4,782.68
2016,41120000,Turkey,9705.68,446.82
2016,62021900,Turkey,4200.0,193.36
2016,11072000,Australia,19356.83,891.11
2016,44042000,France,15728.24,724.06
2016,39229000,New Zealand,3036.8,139.8
2016,85171200,United Arab Emirates,50196587.26,2310853.34
2016,62141000,United States,1130195.12,52029.74
2016,61046200,Austria,22141131.92,1019290.58
2016,4059000,United States,18071.98,831.96
2016,58021100,Germany,10543.78,485.4
2016,54021900,Finland,3013.24,138.72
2016,94036000,South Korea,28747.17,1323.41
2016,42022110,United States,32361454.46,1489794.02
2016,9024000,United Kingdom,15627782.5,719441.62
2016,41120000,Poland,1204014.44,55428.08
2016,39229000,South Sudan,1834261.3,84442.16
2016,85166000,Israel,18020.63,829.6
2016,38220000,Iraq,669141.94,30804.66
2016,2042100,Bosnia and Herzegovina,111579.46,5136.68
2016,25059000,South Sudan,89149.42,4104.1
2016,64051000,Swaziland,26624.92,1225.7
2016,12051000,Israel,17288.77,795.91
2016,9024000,Norway,4694.82,216.14
2016,12089000,United States,12798099.3,589174.12
2016,61033200,Israel,17083.01,786.43
2016,11029000,France,14404.02,663.1
2016,6031100,United Arab Emirates,101475452.52,4671530.5
2016,41120000,Japan,4668365.74,214913.18
2016,42022190,Sweden,242583.44,11167.58
2016,42022190,Germany,315354.34,14517.66
2016,55164190,United States,30449.65,1401.78
2016,8031000,Somalia,29231.66,1345.71
2016,41071200,China,25400.53,1169.34
2016,42022900,Finland,24325.83,1119.87
2016,7041000,United Arab Emirates,23627.99,1087.74
2016,9022000,Czech Republic,23210.67,1068.53
2016,57049000,Australia,11061.05,509.21
2016,94016900,South Korea,11879.0,546.86
2016,7132000,Sweden,11052.7,508.82
2016,7039000,Saudi Arabia,10836.54,498.87
2016,62114900,Israel,10403.8,478.95
2016,33074100,Germany,8062.81,371.18
2016,19041000,France,7682.26,353.66
2016,71141110,United States,6725.11,309.6
2016,11081900,Australia,5530.52,254.6
2016,4059000,Canada,5386.59,247.98
2016,12072900,Norway,5175.46,238.26
2016,62033900,United States,5172.66,238.13
2016,61099000,United States,47470123.32,2185337.62
2016,71142000,Italy,4340.45,199.82
2016,11062000,Saudi Arabia,3894.5,179.29
2016,7099900,United Arab Emirates,3352.11,154.32
2016,19049000,Sweden,3324.76,153.06
2016,19019010,France,2880.75,132.62
2016,30043900,Singapore,2800.0,128.9
2016,52094200,Tunisia,2645.61,121.79
2016,69139090,France,2584.19,118.97
2016,9109100,France,2496.55,114.93
2016,11029000,Saudi Arabia,2431.59,111.94
2016,52030000,Bangladesh,2298.92,105.83
2016,73239400,Australia,2212.21,101.84
2016,9102000,United States,2007.79,92.43
2016,6021000,Sri Lanka,1484.28,68.33
2016,67049000,Israel,1394.24,64.19
2016,55121900,Turkey,1194.59,54.99
2016,20021000,Sudan,994.74,45.79
2016,90283000,United States,885.8,40.78
2016,71039100,India,835.62,38.47
2016,11072000,Sweden,731.44,33.67
2016,9093200,Australia,442.44,20.37
2016,27112900,Japan,244.7,11.27
2016,11063000,Sweden,221.65,10.2
2016,9103000,Sweden,221.65,10.2
2016,85235900,India,221.45,10.19
2016,39075000,India,196.22,9.03
2016,8101000,Congo,122.05,5.62
2016,63079000,Israel,117.36,5.4
2016,58079000,Israel,116.92,5.38
2016,92060010,South Korea,4276.28,196.86
2016,44190010,South Korea,3278.44,150.93
2016,75089000,South Korea,2850.92,131.25
2016,92029000,South Korea,2375.66,109.37
2016,44042000,South Korea,1900.61,87.5
2016,97030000,South Korea,950.3,43.75
2016,7099300,Tanzania,4424.42,203.68
2016,9109900,Tanzania,3318.31,152.76
2016,8042000,Sudan,110.52,5.09
2016,46019400,South Korea,4276.28,196.86
